[1/1188] Generating git version header
[2/1188] Building C object src/drivers/ins/vectornav/libvnc/CMakeFiles/libvnc.dir/src/vn/xplat/time.c.obj
[3/1188] Building C object src/drivers/ins/vectornav/libvnc/CMakeFiles/libvnc.dir/src/vn/xplat/event.c.obj
[4/1188] Building C object src/drivers/ins/vectornav/libvnc/CMakeFiles/libvnc.dir/src/vn/xplat/criticalsection.c.obj
[5/1188] Building C object src/drivers/ins/vectornav/libvnc/CMakeFiles/libvnc.dir/src/vn/xplat/thread.c.obj
[6/1188] Building C object src/lib/crc/CMakeFiles/crc.dir/crc.c.obj
[7/1188] Building C object src/drivers/ins/vectornav/libvnc/CMakeFiles/libvnc.dir/src/vn/xplat/serialport.c.obj
[8/1188] Linking C static library src/lib/crc/libcrc.a
[9/1188] Building C object src/drivers/ins/vectornav/libvnc/CMakeFiles/libvnc.dir/src/vn/error.c.obj
[10/1188] Building C object src/drivers/ins/vectornav/libvnc/CMakeFiles/libvnc.dir/src/vn/math/matrix.c.obj
[11/1188] Building C object src/drivers/ins/vectornav/libvnc/CMakeFiles/libvnc.dir/src/vn/error_detection.c.obj
[12/1188] Building C object src/lib/version/CMakeFiles/version.dir/version.c.obj
[13/1188] Linking C static library src/lib/version/libversion.a
[14/1188] Building C object src/drivers/ins/vectornav/libvnc/CMakeFiles/libvnc.dir/src/vn/math/vector.c.obj
[15/1188] Building CXX object src/lib/world_magnetic_model/CMakeFiles/world_magnetic_model.dir/geo_mag_declination.cpp.obj
[16/1188] Building CXX object src/lib/perf/CMakeFiles/perf.dir/perf_counter.cpp.obj
[17/1188] Building CXX object src/lib/lat_lon_alt/CMakeFiles/lat_lon_alt.dir/lat_lon_alt.cpp.obj
[18/1188] Building CXX object src/lib/tinybson/CMakeFiles/tinybson.dir/tinybson.cpp.obj
[19/1188] Linking CXX static library src/lib/world_magnetic_model/libworld_magnetic_model.a
[20/1188] Building C object src/drivers/ins/vectornav/libvnc/CMakeFiles/libvnc.dir/src/vn/util.c.obj
[21/1188] Linking CXX static library src/lib/perf/libperf.a
[22/1188] Linking CXX static library src/lib/lat_lon_alt/liblat_lon_alt.a
[23/1188] Linking CXX static library src/lib/tinybson/libtinybson.a
[24/1188] Building C object src/drivers/ins/vectornav/libvnc/CMakeFiles/libvnc.dir/src/vn/protocol/upackf.c.obj
[25/1188] Building CXX object src/lib/geo/CMakeFiles/geo.dir/geo.cpp.obj
[26/1188] Linking CXX static library src/lib/geo/libgeo.a
[27/1188] Building C object src/drivers/ins/vectornav/libvnc/CMakeFiles/libvnc.dir/src/vn/conv.c.obj
[28/1188] Building C object src/drivers/ins/vectornav/libvnc/CMakeFiles/libvnc.dir/src/vn/sensors/ezasyncdata.c.obj
[29/1188] Building CXX object src/drivers/uavcan/libdronecan/libuavcan/CMakeFiles/uavcan.dir/src/marshal/uc_bit_array_copy.cpp.obj
[30/1188] Building C object src/drivers/ins/vectornav/libvnc/CMakeFiles/libvnc.dir/src/vn/sensors/searcher.c.obj
[31/1188] Building C object src/drivers/ins/vectornav/libvnc/CMakeFiles/libvnc.dir/src/vn/sensors/compositedata.c.obj
[32/1188] Building CXX object src/drivers/uavcan/libdronecan/libuavcan/CMakeFiles/uavcan.dir/src/marshal/uc_float_spec.cpp.obj
[33/1188] Building CXX object src/drivers/uavcan/libdronecan/libuavcan/CMakeFiles/uavcan.dir/src/marshal/uc_scalar_codec.cpp.obj
[34/1188] Building CXX object src/drivers/uavcan/libdronecan/libuavcan/CMakeFiles/uavcan.dir/src/marshal/uc_bit_stream.cpp.obj
[35/1188] Building CXX object src/drivers/uavcan/libdronecan/libuavcan/CMakeFiles/uavcan.dir/src/driver/uc_can.cpp.obj
[36/1188] Building CXX object src/drivers/uavcan/libdronecan/libuavcan/CMakeFiles/uavcan.dir/src/node/uc_timer.cpp.obj
[37/1188] Building CXX object src/drivers/uavcan/libdronecan/libuavcan/CMakeFiles/uavcan.dir/src/node/uc_generic_subscriber.cpp.obj
[38/1188] Building CXX object src/drivers/uavcan/libdronecan/libuavcan/CMakeFiles/uavcan.dir/src/node/uc_global_data_type_registry.cpp.obj
[39/1188] Building CXX object src/drivers/uavcan/libdronecan/libuavcan/CMakeFiles/uavcan.dir/src/node/uc_service_client.cpp.obj
[40/1188] Generating uORB topic sources
[41/1188] Building CXX object src/drivers/uavcan/libdronecan/libuavcan/CMakeFiles/uavcan.dir/src/node/uc_generic_publisher.cpp.obj
[42/1188] Building CXX object src/drivers/uavcan/libdronecan/libuavcan/CMakeFiles/uavcan.dir/src/node/uc_scheduler.cpp.obj
[43/1188] Building CXX object src/drivers/uavcan/libdronecan/libuavcan/CMakeFiles/uavcan.dir/src/transport/uc_crc.cpp.obj
[44/1188] Building C object src/drivers/ins/vectornav/libvnc/CMakeFiles/libvnc.dir/src/vn/protocol/spi.c.obj
[45/1188] Building CXX object src/drivers/uavcan/libdronecan/libuavcan/CMakeFiles/uavcan.dir/src/transport/uc_frame.cpp.obj
[46/1188] Building CXX object src/drivers/uavcan/libdronecan/libuavcan/CMakeFiles/uavcan.dir/src/transport/uc_can_acceptance_filter_configurator.cpp.obj
[47/1188] Building CXX object src/drivers/uavcan/libdronecan/libuavcan/CMakeFiles/uavcan.dir/src/transport/uc_outgoing_transfer_registry.cpp.obj
[48/1188] Building CXX object src/drivers/uavcan/libdronecan/libuavcan/CMakeFiles/uavcan.dir/src/protocol/uc_dynamic_node_id_client.cpp.obj
[49/1188] Building CXX object src/drivers/uavcan/libdronecan/libuavcan/CMakeFiles/uavcan.dir/src/transport/uc_transfer.cpp.obj
[50/1188] Building CXX object src/drivers/uavcan/libdronecan/libuavcan/CMakeFiles/uavcan.dir/src/transport/uc_transfer_buffer.cpp.obj
[51/1188] Building CXX object src/drivers/uavcan/libdronecan/libuavcan/CMakeFiles/uavcan.dir/src/transport/uc_dispatcher.cpp.obj
[52/1188] Building CXX object src/drivers/uavcan/libdronecan/libuavcan/CMakeFiles/uavcan.dir/src/transport/uc_can_io.cpp.obj
[53/1188] Building CXX object src/drivers/uavcan/libdronecan/libuavcan/CMakeFiles/uavcan.dir/src/uc_error.cpp.obj
[54/1188] Building CXX object src/drivers/uavcan/libdronecan/libuavcan/CMakeFiles/uavcan.dir/src/uc_dynamic_memory.cpp.obj
[55/1188] Building C object src/drivers/ins/vectornav/libvnc/CMakeFiles/libvnc.dir/src/vn/sensors.c.obj
[56/1188] Building CXX object src/drivers/uavcan/libdronecan/libuavcan/CMakeFiles/uavcan.dir/src/transport/uc_transfer_receiver.cpp.obj
[57/1188] Building CXX object src/modules/commander/ModeUtil/CMakeFiles/mode_util.dir/mode_requirements.cpp.obj
[58/1188] Building CXX object src/drivers/uavcan/libdronecan/libuavcan/CMakeFiles/uavcan.dir/src/uc_data_type.cpp.obj
[59/1188] Building CXX object src/modules/commander/ModeUtil/CMakeFiles/mode_util.dir/control_mode.cpp.obj
[60/1188] Building CXX object src/drivers/uavcan/libdronecan/libuavcan/CMakeFiles/uavcan.dir/src/protocol/uc_node_status_provider.cpp.obj
[61/1188] Building CXX object src/drivers/uavcan/libdronecan/libuavcan/CMakeFiles/uavcan.dir/src/transport/uc_transfer_listener.cpp.obj
[62/1188] Linking CXX static library src/modules/commander/ModeUtil/libmode_util.a
[63/1188] Building CXX object src/drivers/uavcan/libdronecan/libuavcan/CMakeFiles/uavcan.dir/src/transport/uc_transfer_sender.cpp.obj
[64/1188] Linking CXX static library src/drivers/uavcan/libdronecan/libuavcan/libuavcan.a
[65/1188] Building CXX object src/modules/ekf2/EKF/CMakeFiles/ecl_EKF.dir/control.cpp.obj
[66/1188] Building C object src/drivers/ins/vectornav/libvnc/CMakeFiles/libvnc.dir/src/vn/protocol/upack.c.obj
[67/1188] Building CXX object src/drivers/uavcan/libuavcan_drivers/CMakeFiles/uavcan_stm32h7_driver.dir/src/uc_stm32h7_thread.cpp.obj
[68/1188] Linking C static library src/drivers/ins/vectornav/libvnc/liblibvnc.a
[69/1188] Building CXX object src/modules/ekf2/EKF/CMakeFiles/ecl_EKF.dir/velocity_fusion.cpp.obj
[70/1188] Building CXX object src/modules/ekf2/EKF/CMakeFiles/ecl_EKF.dir/position_fusion.cpp.obj
[71/1188] Building CXX object src/drivers/uavcan/libuavcan_drivers/CMakeFiles/uavcan_stm32h7_driver.dir/src/uc_stm32h7_clock.cpp.obj
[72/1188] Building CXX object src/modules/ekf2/EKF/CMakeFiles/ecl_EKF.dir/height_control.cpp.obj
[73/1188] Building CXX object src/modules/ekf2/EKF/CMakeFiles/ecl_EKF.dir/imu_down_sampler/imu_down_sampler.cpp.obj
[74/1188] Building CXX object src/modules/ekf2/EKF/CMakeFiles/ecl_EKF.dir/aid_sources/ZeroGyroUpdate.cpp.obj
[75/1188] Building CXX object src/modules/ekf2/EKF/CMakeFiles/ecl_EKF.dir/aid_sources/ZeroVelocityUpdate.cpp.obj
[76/1188] Building CXX object src/modules/ekf2/EKF/CMakeFiles/ecl_EKF.dir/aid_sources/zero_innovation_heading_update.cpp.obj
[77/1188] Building CXX object src/modules/ekf2/EKF/CMakeFiles/ecl_EKF.dir/yaw_fusion.cpp.obj
[78/1188] Building CXX object src/drivers/uavcan/libuavcan_drivers/CMakeFiles/uavcan_stm32h7_driver.dir/src/uc_stm32h7_can.cpp.obj
[79/1188] Building CXX object src/modules/ekf2/EKF/CMakeFiles/ecl_EKF.dir/aid_sources/fake_height_control.cpp.obj
[80/1188] Linking CXX static library src/drivers/uavcan/libuavcan_drivers/libuavcan_stm32h7_driver.a
[81/1188] Building CXX object src/modules/ekf2/EKF/CMakeFiles/ecl_EKF.dir/aid_sources/fake_pos_control.cpp.obj
[82/1188] Building CXX object src/modules/ekf2/EKF/CMakeFiles/ecl_EKF.dir/aid_sources/aux_global_position/aux_global_position.cpp.obj
[83/1188] Building CXX object src/modules/ekf2/EKF/CMakeFiles/ecl_EKF.dir/ekf_helper.cpp.obj
[84/1188] Building CXX object src/modules/ekf2/EKF/CMakeFiles/ecl_EKF.dir/aid_sources/airspeed/airspeed_fusion.cpp.obj
[85/1188] Building CXX object src/modules/ekf2/EKF/CMakeFiles/ecl_EKF.dir/estimator_interface.cpp.obj
[86/1188] Building CXX object src/modules/ekf2/EKF/CMakeFiles/ecl_EKF.dir/aid_sources/auxvel/auxvel_fusion.cpp.obj
[87/1188] Building CXX object src/modules/ekf2/EKF/CMakeFiles/ecl_EKF.dir/ekf.cpp.obj
[88/1188] Building CXX object src/modules/ekf2/EKF/CMakeFiles/ecl_EKF.dir/aid_sources/external_vision/ev_yaw_control.cpp.obj
[89/1188] Building CXX object src/modules/ekf2/EKF/CMakeFiles/ecl_EKF.dir/aid_sources/barometer/baro_height_control.cpp.obj
[90/1188] Building CXX object src/modules/ekf2/EKF/CMakeFiles/ecl_EKF.dir/covariance.cpp.obj
[91/1188] Building CXX object src/modules/ekf2/EKF/CMakeFiles/ecl_EKF.dir/aid_sources/external_vision/ev_height_control.cpp.obj
[92/1188] Building CXX object src/modules/ekf2/EKF/CMakeFiles/ecl_EKF.dir/aid_sources/drag/drag_fusion.cpp.obj
[93/1188] Building CXX object src/modules/ekf2/EKF/CMakeFiles/ecl_EKF.dir/aid_sources/external_vision/ev_control.cpp.obj
[94/1188] Building CXX object src/modules/ekf2/EKF/CMakeFiles/ecl_EKF.dir/aid_sources/gnss/gnss_height_control.cpp.obj
[95/1188] Building CXX object src/modules/ekf2/EKF/CMakeFiles/ecl_EKF.dir/aid_sources/external_vision/ev_pos_control.cpp.obj
[96/1188] Building CXX object src/modules/ekf2/EKF/CMakeFiles/ecl_EKF.dir/aid_sources/external_vision/ev_vel_control.cpp.obj
[97/1188] Building CXX object src/modules/ekf2/EKF/CMakeFiles/ecl_EKF.dir/aid_sources/range_finder/range_finder_consistency_check.cpp.obj
[98/1188] Building CXX object src/modules/ekf2/EKF/CMakeFiles/ecl_EKF.dir/aid_sources/gnss/gps_checks.cpp.obj
[99/1188] Building CXX object src/modules/ekf2/EKF/CMakeFiles/ecl_EKF.dir/aid_sources/gnss/gnss_yaw_control.cpp.obj
[100/1188] Generating uORB compressed fields
[101/1188] Building CXX object src/modules/ekf2/EKF/CMakeFiles/ecl_EKF.dir/aid_sources/gravity/gravity_fusion.cpp.obj
[102/1188] Building CXX object src/modules/ekf2/EKF/CMakeFiles/ecl_EKF.dir/aid_sources/magnetometer/mag_fusion.cpp.obj
[103/1188] Building CXX object src/modules/ekf2/EKF/CMakeFiles/ecl_EKF.dir/aid_sources/range_finder/sensor_range_finder.cpp.obj
[104/1188] Building CXX object src/modules/ekf2/EKF/CMakeFiles/ecl_EKF.dir/aid_sources/optical_flow/optical_flow_fusion.cpp.obj
[105/1188] Building CXX object src/modules/ekf2/EKF/CMakeFiles/ecl_EKF.dir/aid_sources/range_finder/range_height_fusion.cpp.obj
[106/1188] Building CXX object msg/CMakeFiles/uorb_msgs.dir/topics_sources/ackermann_velocity_setpoint.cpp.obj
[107/1188] Building CXX object src/modules/ekf2/EKF/CMakeFiles/ecl_EKF.dir/aid_sources/gnss/gps_control.cpp.obj
[108/1188] Building CXX object src/modules/ekf2/EKF/bias_estimator/CMakeFiles/bias_estimator.dir/bias_estimator.cpp.obj
[109/1188] Building CXX object src/modules/ekf2/EKF/CMakeFiles/ecl_EKF.dir/terrain_control.cpp.obj
[110/1188] Building CXX object msg/CMakeFiles/uorb_msgs.dir/topics_sources/action_request.cpp.obj
[111/1188] Building CXX object src/modules/ekf2/EKF/CMakeFiles/ecl_EKF.dir/aid_sources/range_finder/range_height_control.cpp.obj
[112/1188] Building CXX object src/modules/ekf2/EKF/CMakeFiles/ecl_EKF.dir/aid_sources/sideslip/sideslip_fusion.cpp.obj
[113/1188] Building CXX object msg/CMakeFiles/uorb_msgs.dir/topics_sources/actuator_armed.cpp.obj
[114/1188] Building CXX object msg/CMakeFiles/uorb_msgs.dir/topics_sources/actuator_outputs.cpp.obj
[115/1188] Building CXX object src/modules/ekf2/EKF/CMakeFiles/ecl_EKF.dir/wind.cpp.obj
[116/1188] Building CXX object msg/CMakeFiles/uorb_msgs.dir/topics_sources/actuator_servos_trim.cpp.obj
[117/1188] Building CXX object msg/CMakeFiles/uorb_msgs.dir/topics_sources/actuator_controls_status.cpp.obj
[118/1188] Building CXX object src/modules/ekf2/EKF/CMakeFiles/ecl_EKF.dir/aid_sources/optical_flow/optical_flow_control.cpp.obj
[119/1188] Building CXX object src/modules/ekf2/EKF/CMakeFiles/ecl_EKF.dir/aid_sources/magnetometer/mag_control.cpp.obj
[120/1188] Building CXX object msg/CMakeFiles/uorb_msgs.dir/topics_sources/actuator_test.cpp.obj
[121/1188] Building CXX object msg/CMakeFiles/uorb_msgs.dir/topics_sources/adc_report.cpp.obj
[122/1188] Building CXX object msg/CMakeFiles/uorb_msgs.dir/topics_sources/airspeed.cpp.obj
[123/1188] Building CXX object msg/CMakeFiles/uorb_msgs.dir/topics_sources/autotune_attitude_control_status.cpp.obj
[124/1188] Building CXX object msg/CMakeFiles/uorb_msgs.dir/topics_sources/airspeed_wind.cpp.obj
[125/1188] Building CXX object msg/CMakeFiles/uorb_msgs.dir/topics_sources/button_event.cpp.obj
[126/1188] Building CXX object msg/CMakeFiles/uorb_msgs.dir/topics_sources/camera_status.cpp.obj
[127/1188] Building CXX object msg/CMakeFiles/uorb_msgs.dir/topics_sources/camera_capture.cpp.obj
[128/1188] Building CXX object msg/CMakeFiles/uorb_msgs.dir/topics_sources/camera_trigger.cpp.obj
[129/1188] Building CXX object msg/CMakeFiles/uorb_msgs.dir/topics_sources/collision_constraints.cpp.obj
[130/1188] Building CXX object msg/CMakeFiles/uorb_msgs.dir/topics_sources/can_interface_status.cpp.obj
[131/1188] Building CXX object msg/CMakeFiles/uorb_msgs.dir/topics_sources/cellular_status.cpp.obj
[132/1188] Building CXX object msg/CMakeFiles/uorb_msgs.dir/topics_sources/cpuload.cpp.obj
[133/1188] Building CXX object msg/CMakeFiles/uorb_msgs.dir/topics_sources/control_allocator_status.cpp.obj
[134/1188] Building CXX object msg/CMakeFiles/uorb_msgs.dir/topics_sources/dataman_request.cpp.obj
[135/1188] Building CXX object msg/CMakeFiles/uorb_msgs.dir/topics_sources/dataman_response.cpp.obj
[136/1188] Building CXX object msg/CMakeFiles/uorb_msgs.dir/topics_sources/debug_value.cpp.obj
[137/1188] Building CXX object msg/CMakeFiles/uorb_msgs.dir/topics_sources/debug_array.cpp.obj
[138/1188] Building CXX object msg/CMakeFiles/uorb_msgs.dir/topics_sources/debug_key_value.cpp.obj
[139/1188] Building CXX object msg/CMakeFiles/uorb_msgs.dir/topics_sources/differential_pressure.cpp.obj
[140/1188] Building CXX object msg/CMakeFiles/uorb_msgs.dir/topics_sources/debug_vect.cpp.obj
[141/1188] Building CXX object msg/CMakeFiles/uorb_msgs.dir/topics_sources/differential_velocity_setpoint.cpp.obj
[142/1188] Building CXX object msg/CMakeFiles/uorb_msgs.dir/topics_sources/distance_sensor.cpp.obj
[143/1188] Building CXX object msg/CMakeFiles/uorb_msgs.dir/topics_sources/distance_sensor_mode_change_request.cpp.obj
[144/1188] Building CXX object msg/CMakeFiles/uorb_msgs.dir/topics_sources/ekf2_timestamps.cpp.obj
[145/1188] Building CXX object msg/CMakeFiles/uorb_msgs.dir/topics_sources/esc_report.cpp.obj
[146/1188] Building CXX object msg/CMakeFiles/uorb_msgs.dir/topics_sources/esc_status.cpp.obj
[147/1188] Building CXX object msg/CMakeFiles/uorb_msgs.dir/topics_sources/estimator_aid_source1d.cpp.obj
[148/1188] Building CXX object msg/CMakeFiles/uorb_msgs.dir/topics_sources/estimator_aid_source2d.cpp.obj
[149/1188] Building CXX object msg/CMakeFiles/uorb_msgs.dir/topics_sources/estimator_bias.cpp.obj
[150/1188] Building CXX object msg/CMakeFiles/uorb_msgs.dir/topics_sources/estimator_aid_source3d.cpp.obj
[151/1188] Building CXX object msg/CMakeFiles/uorb_msgs.dir/topics_sources/estimator_event_flags.cpp.obj
[152/1188] Building CXX object msg/CMakeFiles/uorb_msgs.dir/topics_sources/estimator_bias3d.cpp.obj
[153/1188] Building CXX object msg/CMakeFiles/uorb_msgs.dir/topics_sources/estimator_gps_status.cpp.obj
[154/1188] Building CXX object msg/CMakeFiles/uorb_msgs.dir/topics_sources/estimator_innovations.cpp.obj
[155/1188] Building CXX object msg/CMakeFiles/uorb_msgs.dir/topics_sources/estimator_selector_status.cpp.obj
[156/1188] Building CXX object msg/CMakeFiles/uorb_msgs.dir/topics_sources/estimator_sensor_bias.cpp.obj
[157/1188] Building CXX object msg/CMakeFiles/uorb_msgs.dir/topics_sources/estimator_status_flags.cpp.obj
[158/1188] Building CXX object msg/CMakeFiles/uorb_msgs.dir/topics_sources/estimator_states.cpp.obj
[159/1188] Building CXX object msg/CMakeFiles/uorb_msgs.dir/topics_sources/failsafe_flags.cpp.obj
[160/1188] Building CXX object msg/CMakeFiles/uorb_msgs.dir/topics_sources/estimator_status.cpp.obj
[161/1188] Building CXX object msg/CMakeFiles/uorb_msgs.dir/topics_sources/event.cpp.obj
[162/1188] Building CXX object msg/CMakeFiles/uorb_msgs.dir/topics_sources/figure_eight_status.cpp.obj
[163/1188] Building CXX object msg/CMakeFiles/uorb_msgs.dir/topics_sources/failure_detector_status.cpp.obj
[164/1188] Building CXX object msg/CMakeFiles/uorb_msgs.dir/topics_sources/flight_phase_estimation.cpp.obj
[165/1188] Building CXX object msg/CMakeFiles/uorb_msgs.dir/topics_sources/fuel_tank_status.cpp.obj
[166/1188] Building CXX object msg/CMakeFiles/uorb_msgs.dir/topics_sources/follow_target.cpp.obj
[167/1188] Building CXX object msg/CMakeFiles/uorb_msgs.dir/topics_sources/follow_target_status.cpp.obj
[168/1188] Building CXX object msg/CMakeFiles/uorb_msgs.dir/topics_sources/follow_target_estimator.cpp.obj
[169/1188] Building CXX object msg/CMakeFiles/uorb_msgs.dir/topics_sources/geofence_result.cpp.obj
[170/1188] Building CXX object msg/CMakeFiles/uorb_msgs.dir/topics_sources/generator_status.cpp.obj
[171/1188] Building CXX object msg/CMakeFiles/uorb_msgs.dir/topics_sources/geofence_status.cpp.obj
[172/1188] Building CXX object msg/CMakeFiles/uorb_msgs.dir/topics_sources/gimbal_controls.cpp.obj
[173/1188] Building CXX object msg/CMakeFiles/uorb_msgs.dir/topics_sources/gimbal_device_attitude_status.cpp.obj
[174/1188] Building CXX object msg/CMakeFiles/uorb_msgs.dir/topics_sources/gimbal_manager_information.cpp.obj
[175/1188] Building CXX object msg/CMakeFiles/uorb_msgs.dir/topics_sources/gimbal_device_information.cpp.obj
[176/1188] Building CXX object msg/CMakeFiles/uorb_msgs.dir/topics_sources/gimbal_manager_set_manual_control.cpp.obj
[177/1188] Building CXX object msg/CMakeFiles/uorb_msgs.dir/topics_sources/gimbal_device_set_attitude.cpp.obj
[178/1188] Building CXX object msg/CMakeFiles/uorb_msgs.dir/topics_sources/gimbal_manager_status.cpp.obj
[179/1188] Building CXX object msg/CMakeFiles/uorb_msgs.dir/topics_sources/gimbal_manager_set_attitude.cpp.obj
[180/1188] Building CXX object msg/CMakeFiles/uorb_msgs.dir/topics_sources/gpio_config.cpp.obj
[181/1188] Building CXX object msg/CMakeFiles/uorb_msgs.dir/topics_sources/gpio_request.cpp.obj
[182/1188] Building CXX object msg/CMakeFiles/uorb_msgs.dir/topics_sources/gps_inject_data.cpp.obj
[183/1188] Building CXX object msg/CMakeFiles/uorb_msgs.dir/topics_sources/gps_dump.cpp.obj
[184/1188] Building CXX object msg/CMakeFiles/uorb_msgs.dir/topics_sources/gpio_out.cpp.obj
[185/1188] Building CXX object msg/CMakeFiles/uorb_msgs.dir/topics_sources/gpio_in.cpp.obj
[186/1188] Building CXX object msg/CMakeFiles/uorb_msgs.dir/topics_sources/gripper.cpp.obj
[187/1188] Building CXX object msg/CMakeFiles/uorb_msgs.dir/topics_sources/health_report.cpp.obj
[188/1188] Building CXX object msg/CMakeFiles/uorb_msgs.dir/topics_sources/heater_status.cpp.obj
[189/1188] Building CXX object msg/CMakeFiles/uorb_msgs.dir/topics_sources/hover_thrust_estimate.cpp.obj
[190/1188] Building CXX object msg/CMakeFiles/uorb_msgs.dir/topics_sources/hx8_servo_status.cpp.obj
[191/1188] Building CXX object msg/CMakeFiles/uorb_msgs.dir/topics_sources/input_rc.cpp.obj
[192/1188] Building CXX object msg/CMakeFiles/uorb_msgs.dir/topics_sources/hx8_servo_command.cpp.obj
[193/1188] Building CXX object msg/CMakeFiles/uorb_msgs.dir/topics_sources/internal_combustion_engine_control.cpp.obj
[194/1188] Building CXX object msg/CMakeFiles/uorb_msgs.dir/topics_sources/hybrid_vehicle_status.cpp.obj
[195/1188] Building CXX object msg/CMakeFiles/uorb_msgs.dir/topics_sources/landing_gear.cpp.obj
[196/1188] Building CXX object msg/CMakeFiles/uorb_msgs.dir/topics_sources/iridiumsbd_status.cpp.obj
[197/1188] Building CXX object msg/CMakeFiles/uorb_msgs.dir/topics_sources/landing_gear_wheel.cpp.obj
[198/1188] Building CXX object msg/CMakeFiles/uorb_msgs.dir/topics_sources/irlock_report.cpp.obj
[199/1188] Building CXX object msg/CMakeFiles/uorb_msgs.dir/topics_sources/internal_combustion_engine_status.cpp.obj
[200/1188] Building CXX object msg/CMakeFiles/uorb_msgs.dir/topics_sources/landing_target_innovations.cpp.obj
[201/1188] Building CXX object msg/CMakeFiles/uorb_msgs.dir/topics_sources/landing_target_pose.cpp.obj
[202/1188] Building CXX object msg/CMakeFiles/uorb_msgs.dir/topics_sources/launch_detection_status.cpp.obj
[203/1188] Building CXX object msg/CMakeFiles/uorb_msgs.dir/topics_sources/led_control.cpp.obj
[204/1188] Building CXX object msg/CMakeFiles/uorb_msgs.dir/topics_sources/log_message.cpp.obj
[205/1188] Building CXX object msg/CMakeFiles/uorb_msgs.dir/topics_sources/mag_worker_data.cpp.obj
[206/1188] Building CXX object msg/CMakeFiles/uorb_msgs.dir/topics_sources/m2006_motor_status.cpp.obj
[207/1188] Building CXX object msg/CMakeFiles/uorb_msgs.dir/topics_sources/logger_status.cpp.obj
[208/1188] Building CXX object msg/CMakeFiles/uorb_msgs.dir/topics_sources/magnetic_sensor.cpp.obj
[209/1188] Building CXX object msg/CMakeFiles/uorb_msgs.dir/topics_sources/message_format_response.cpp.obj
[210/1188] Building CXX object msg/CMakeFiles/uorb_msgs.dir/topics_sources/magnetometer_bias_estimate.cpp.obj
[211/1188] Building CXX object msg/CMakeFiles/uorb_msgs.dir/topics_sources/mavlink_log.cpp.obj
[212/1188] Building CXX object msg/CMakeFiles/uorb_msgs.dir/topics_sources/manual_control_switches.cpp.obj
[213/1188] Building CXX object msg/CMakeFiles/uorb_msgs.dir/topics_sources/message_format_request.cpp.obj
[214/1188] Building CXX object msg/CMakeFiles/uorb_msgs.dir/topics_sources/mavlink_tunnel.cpp.obj
[215/1188] Building CXX object msg/CMakeFiles/uorb_msgs.dir/topics_sources/mission_result.cpp.obj
[216/1188] Building CXX object msg/CMakeFiles/uorb_msgs.dir/topics_sources/mission.cpp.obj
[217/1188] Building CXX object msg/CMakeFiles/uorb_msgs.dir/topics_sources/normalized_unsigned_setpoint.cpp.obj
[218/1188] Building CXX object msg/CMakeFiles/uorb_msgs.dir/topics_sources/navigator_mission_item.cpp.obj
[219/1188] Building CXX object msg/CMakeFiles/uorb_msgs.dir/topics_sources/mount_orientation.cpp.obj
[220/1188] Building CXX object msg/CMakeFiles/uorb_msgs.dir/topics_sources/npfg_status.cpp.obj
[221/1188] Building CXX object msg/CMakeFiles/uorb_msgs.dir/topics_sources/navigator_status.cpp.obj
[222/1188] Building CXX object msg/CMakeFiles/uorb_msgs.dir/topics_sources/offboard_control_mode.cpp.obj
[223/1188] Building CXX object msg/CMakeFiles/uorb_msgs.dir/topics_sources/obstacle_distance.cpp.obj
[224/1188] Building CXX object msg/CMakeFiles/uorb_msgs.dir/topics_sources/onboard_computer_status.cpp.obj
[225/1188] Building CXX object msg/CMakeFiles/uorb_msgs.dir/topics_sources/open_drone_id_arm_status.cpp.obj
[226/1188] Building CXX object msg/CMakeFiles/uorb_msgs.dir/topics_sources/open_drone_id_system.cpp.obj
[227/1188] Building CXX object msg/CMakeFiles/uorb_msgs.dir/topics_sources/open_drone_id_operator_id.cpp.obj
[228/1188] Building CXX object msg/CMakeFiles/uorb_msgs.dir/topics_sources/open_drone_id_self_id.cpp.obj
[229/1188] Building CXX object msg/CMakeFiles/uorb_msgs.dir/topics_sources/orb_test.cpp.obj
[230/1188] Building CXX object msg/CMakeFiles/uorb_msgs.dir/topics_sources/orb_test_large.cpp.obj
[231/1188] Building CXX object msg/CMakeFiles/uorb_msgs.dir/topics_sources/orb_test_medium.cpp.obj
[232/1188] Building CXX object msg/CMakeFiles/uorb_msgs.dir/topics_sources/parameter_set_value_response.cpp.obj
[233/1188] Building CXX object msg/CMakeFiles/uorb_msgs.dir/topics_sources/orbit_status.cpp.obj
[234/1188] Building CXX object msg/CMakeFiles/uorb_msgs.dir/topics_sources/parameter_reset_request.cpp.obj
[235/1188] Building CXX object msg/CMakeFiles/uorb_msgs.dir/topics_sources/parameter_set_used_request.cpp.obj
[236/1188] Building CXX object msg/CMakeFiles/uorb_msgs.dir/topics_sources/parameter_update.cpp.obj
[237/1188] Building CXX object msg/CMakeFiles/uorb_msgs.dir/topics_sources/position_controller_landing_status.cpp.obj
[238/1188] Building CXX object msg/CMakeFiles/uorb_msgs.dir/topics_sources/ping.cpp.obj
[239/1188] Building CXX object msg/CMakeFiles/uorb_msgs.dir/topics_sources/parameter_set_value_request.cpp.obj
[240/1188] Building CXX object msg/CMakeFiles/uorb_msgs.dir/topics_sources/position_controller_status.cpp.obj
[241/1188] Building CXX object msg/CMakeFiles/uorb_msgs.dir/topics_sources/position_setpoint.cpp.obj
[242/1188] Building CXX object msg/CMakeFiles/uorb_msgs.dir/topics_sources/power_button_state.cpp.obj
[243/1188] Building CXX object msg/CMakeFiles/uorb_msgs.dir/topics_sources/position_setpoint_triplet.cpp.obj
[244/1188] Building CXX object msg/CMakeFiles/uorb_msgs.dir/topics_sources/power_monitor.cpp.obj
[245/1188] Building CXX object msg/CMakeFiles/uorb_msgs.dir/topics_sources/pps_capture.cpp.obj
[246/1188] Building CXX object msg/CMakeFiles/uorb_msgs.dir/topics_sources/pwm_input.cpp.obj
[247/1188] Building CXX object msg/CMakeFiles/uorb_msgs.dir/topics_sources/pure_pursuit_status.cpp.obj
[248/1188] Building CXX object msg/CMakeFiles/uorb_msgs.dir/topics_sources/qshell_retval.cpp.obj
[249/1188] Building CXX object msg/CMakeFiles/uorb_msgs.dir/topics_sources/radio_status.cpp.obj
[250/1188] Building CXX object msg/CMakeFiles/uorb_msgs.dir/topics_sources/px4io_status.cpp.obj
[251/1188] Building CXX object msg/CMakeFiles/uorb_msgs.dir/topics_sources/qshell_req.cpp.obj
[252/1188] Building CXX object msg/CMakeFiles/uorb_msgs.dir/topics_sources/rc_parameter_map.cpp.obj
[253/1188] Building CXX object msg/CMakeFiles/uorb_msgs.dir/topics_sources/rc_channels.cpp.obj
[254/1188] Building CXX object msg/CMakeFiles/uorb_msgs.dir/topics_sources/rover_attitude_setpoint.cpp.obj
[255/1188] Building CXX object msg/CMakeFiles/uorb_msgs.dir/topics_sources/rover_position_setpoint.cpp.obj
[256/1188] Building CXX object msg/CMakeFiles/uorb_msgs.dir/topics_sources/rate_ctrl_status.cpp.obj
[257/1188] Building CXX object msg/CMakeFiles/uorb_msgs.dir/topics_sources/rover_attitude_status.cpp.obj
[258/1188] Building CXX object msg/CMakeFiles/uorb_msgs.dir/topics_sources/rover_position_status.cpp.obj
[259/1188] Building CXX object msg/CMakeFiles/uorb_msgs.dir/topics_sources/rover_rate_setpoint.cpp.obj
[260/1188] Building CXX object msg/CMakeFiles/uorb_msgs.dir/topics_sources/rover_rate_status.cpp.obj
[261/1188] Building CXX object msg/CMakeFiles/uorb_msgs.dir/topics_sources/rover_steering_setpoint.cpp.obj
[262/1188] Building CXX object msg/CMakeFiles/uorb_msgs.dir/topics_sources/rover_velocity_setpoint.cpp.obj
[263/1188] Building CXX object msg/CMakeFiles/uorb_msgs.dir/topics_sources/rpm.cpp.obj
[264/1188] Building CXX object msg/CMakeFiles/uorb_msgs.dir/topics_sources/rover_throttle_setpoint.cpp.obj
[265/1188] Building CXX object msg/CMakeFiles/uorb_msgs.dir/topics_sources/rover_velocity_status.cpp.obj
[266/1188] Building CXX object msg/CMakeFiles/uorb_msgs.dir/topics_sources/sensor_accel.cpp.obj
[267/1188] Building CXX object msg/CMakeFiles/uorb_msgs.dir/topics_sources/satellite_info.cpp.obj
[268/1188] Building CXX object msg/CMakeFiles/uorb_msgs.dir/topics_sources/rtl_status.cpp.obj
[269/1188] Building CXX object msg/CMakeFiles/uorb_msgs.dir/topics_sources/sensor_airflow.cpp.obj
[270/1188] Building CXX object msg/CMakeFiles/uorb_msgs.dir/topics_sources/rtl_time_estimate.cpp.obj
[271/1188] Building CXX object msg/CMakeFiles/uorb_msgs.dir/topics_sources/sensor_accel_fifo.cpp.obj
[272/1188] Building CXX object msg/CMakeFiles/uorb_msgs.dir/topics_sources/sensor_baro.cpp.obj
[273/1188] Building CXX object msg/CMakeFiles/uorb_msgs.dir/topics_sources/sensor_combined.cpp.obj
[274/1188] Building CXX object msg/CMakeFiles/uorb_msgs.dir/topics_sources/sensor_correction.cpp.obj
[275/1188] Building CXX object msg/CMakeFiles/uorb_msgs.dir/topics_sources/sensor_encoder.cpp.obj
[276/1188] Building CXX object msg/CMakeFiles/uorb_msgs.dir/topics_sources/sensor_gps.cpp.obj
[277/1188] Building CXX object msg/CMakeFiles/uorb_msgs.dir/topics_sources/sensor_gnss_relative.cpp.obj
[278/1188] Building CXX object msg/CMakeFiles/uorb_msgs.dir/topics_sources/sensor_gyro.cpp.obj
[279/1188] Building CXX object msg/CMakeFiles/uorb_msgs.dir/topics_sources/sensor_gyro_fifo.cpp.obj
[280/1188] Building CXX object msg/CMakeFiles/uorb_msgs.dir/topics_sources/sensor_gyro_fft.cpp.obj
[281/1188] Building CXX object msg/CMakeFiles/uorb_msgs.dir/topics_sources/sensor_hygrometer.cpp.obj
[282/1188] Building CXX object msg/CMakeFiles/uorb_msgs.dir/topics_sources/sensor_optical_flow.cpp.obj
[283/1188] Building CXX object msg/CMakeFiles/uorb_msgs.dir/topics_sources/sensor_selection.cpp.obj
[284/1188] Building CXX object msg/CMakeFiles/uorb_msgs.dir/topics_sources/sensor_mag.cpp.obj
[285/1188] Building CXX object msg/CMakeFiles/uorb_msgs.dir/topics_sources/sensor_preflight_mag.cpp.obj
[286/1188] Building CXX object msg/CMakeFiles/uorb_msgs.dir/topics_sources/sensor_uwb.cpp.obj
[287/1188] Building CXX object msg/CMakeFiles/uorb_msgs.dir/topics_sources/sensors_status_imu.cpp.obj
[288/1188] Building CXX object msg/CMakeFiles/uorb_msgs.dir/topics_sources/sensors_status.cpp.obj
[289/1188] Building CXX object msg/CMakeFiles/uorb_msgs.dir/topics_sources/system_power.cpp.obj
[290/1188] Building CXX object msg/CMakeFiles/uorb_msgs.dir/topics_sources/task_stack_info.cpp.obj
[291/1188] Building CXX object msg/CMakeFiles/uorb_msgs.dir/topics_sources/timesync_status.cpp.obj
[292/1188] Building CXX object msg/CMakeFiles/uorb_msgs.dir/topics_sources/tecs_status.cpp.obj
[293/1188] Building CXX object msg/CMakeFiles/uorb_msgs.dir/topics_sources/telemetry_status.cpp.obj
[294/1188] Building CXX object msg/CMakeFiles/uorb_msgs.dir/topics_sources/takeoff_status.cpp.obj
[295/1188] Building CXX object msg/CMakeFiles/uorb_msgs.dir/topics_sources/transponder_report.cpp.obj
[296/1188] Building CXX object msg/CMakeFiles/uorb_msgs.dir/topics_sources/trajectory_setpoint6dof.cpp.obj
[297/1188] Building CXX object msg/CMakeFiles/uorb_msgs.dir/topics_sources/uavcan_parameter_value.cpp.obj
[298/1188] Building CXX object msg/CMakeFiles/uorb_msgs.dir/topics_sources/tune_control.cpp.obj
[299/1188] Building CXX object msg/CMakeFiles/uorb_msgs.dir/topics_sources/tiltrotor_extra_controls.cpp.obj
[300/1188] Building CXX object msg/CMakeFiles/uorb_msgs.dir/topics_sources/uavcan_parameter_request.cpp.obj
[301/1188] Building CXX object msg/CMakeFiles/uorb_msgs.dir/topics_sources/ulog_stream_ack.cpp.obj
[302/1188] Building CXX object msg/CMakeFiles/uorb_msgs.dir/topics_sources/vehicle_constraints.cpp.obj
[303/1188] Building CXX object msg/CMakeFiles/uorb_msgs.dir/topics_sources/vehicle_air_data.cpp.obj
[304/1188] Building CXX object msg/CMakeFiles/uorb_msgs.dir/topics_sources/ulog_stream.cpp.obj
[305/1188] Building CXX object msg/CMakeFiles/uorb_msgs.dir/topics_sources/vehicle_angular_acceleration_setpoint.cpp.obj
[306/1188] Building CXX object msg/CMakeFiles/uorb_msgs.dir/topics_sources/vehicle_imu_status.cpp.obj
[307/1188] Building CXX object msg/CMakeFiles/uorb_msgs.dir/topics_sources/vehicle_acceleration.cpp.obj
[308/1188] Building CXX object msg/CMakeFiles/uorb_msgs.dir/topics_sources/vehicle_imu.cpp.obj
[309/1188] Building CXX object msg/CMakeFiles/uorb_msgs.dir/topics_sources/vehicle_optical_flow_vel.cpp.obj
[310/1188] Building CXX object msg/CMakeFiles/uorb_msgs.dir/topics_sources/vehicle_thrust_setpoint.cpp.obj
[311/1188] Building CXX object msg/CMakeFiles/uorb_msgs.dir/topics_sources/vehicle_local_position_setpoint.cpp.obj
[312/1188] Building CXX object msg/CMakeFiles/uorb_msgs.dir/topics_sources/velocity_limits.cpp.obj
[313/1188] Building CXX object msg/CMakeFiles/uorb_msgs.dir/topics_sources/vehicle_magnetometer.cpp.obj
[314/1188] Building CXX object msg/CMakeFiles/uorb_msgs.dir/topics_sources/vehicle_optical_flow.cpp.obj
[315/1188] Building CXX object msg/CMakeFiles/uorb_msgs.dir/topics_sources/vehicle_torque_setpoint.cpp.obj
[316/1188] Building CXX object msg/CMakeFiles/uorb_msgs.dir/topics_sources/vehicle_roi.cpp.obj
[317/1188] Building CXX object msg/CMakeFiles/uorb_msgs.dir/topics_sources/wheel_encoders.cpp.obj
[318/1188] Building CXX object msg/CMakeFiles/uorb_msgs.dir/topics_sources/actuator_motors.cpp.obj
[319/1188] Building CXX object msg/CMakeFiles/uorb_msgs.dir/topics_sources/airspeed_validated.cpp.obj
[320/1188] Building CXX object msg/CMakeFiles/uorb_msgs.dir/topics_sources/actuator_servos.cpp.obj
[321/1188] Building CXX object msg/CMakeFiles/uorb_msgs.dir/topics_sources/yaw_estimator_status.cpp.obj
[322/1188] Building CXX object msg/CMakeFiles/uorb_msgs.dir/topics_sources/wind.cpp.obj
[323/1188] Building CXX object msg/CMakeFiles/uorb_msgs.dir/topics_sources/arming_check_request.cpp.obj
[324/1188] Building CXX object msg/CMakeFiles/uorb_msgs.dir/topics_sources/config_overrides.cpp.obj
[325/1188] Building CXX object msg/CMakeFiles/uorb_msgs.dir/topics_sources/battery_status.cpp.obj
[326/1188] Building CXX object msg/CMakeFiles/uorb_msgs.dir/topics_sources/mode_completed.cpp.obj
[327/1188] Building CXX object msg/CMakeFiles/uorb_msgs.dir/topics_sources/arming_check_reply.cpp.obj
[328/1188] Building CXX object msg/CMakeFiles/uorb_msgs.dir/topics_sources/goto_setpoint.cpp.obj
[329/1188] Building CXX object msg/CMakeFiles/uorb_msgs.dir/topics_sources/register_ext_component_reply.cpp.obj
[330/1188] Building CXX object msg/CMakeFiles/uorb_msgs.dir/topics_sources/manual_control_setpoint.cpp.obj
[331/1188] Building CXX object msg/CMakeFiles/uorb_msgs.dir/topics_sources/register_ext_component_request.cpp.obj
[332/1188] Building CXX object msg/CMakeFiles/uorb_msgs.dir/topics_sources/trajectory_setpoint.cpp.obj
[333/1188] Building CXX object msg/CMakeFiles/uorb_msgs.dir/topics_sources/home_position.cpp.obj
[334/1188] Building CXX object msg/CMakeFiles/uorb_msgs.dir/topics_sources/unregister_ext_component.cpp.obj
[335/1188] Building CXX object msg/CMakeFiles/uorb_msgs.dir/topics_sources/vehicle_angular_velocity.cpp.obj
[336/1188] Building CXX object msg/CMakeFiles/uorb_msgs.dir/topics_sources/vehicle_command_ack.cpp.obj
[337/1188] Building CXX object msg/CMakeFiles/uorb_msgs.dir/topics_sources/vehicle_command.cpp.obj
[338/1188] Building CXX object msg/CMakeFiles/uorb_msgs.dir/topics_sources/vehicle_attitude.cpp.obj
[339/1188] Building CXX object msg/CMakeFiles/uorb_msgs.dir/topics_sources/vehicle_control_mode.cpp.obj
[339/1188] git submodule src/modules/mavlink/mavlink
[352/1188] No update step for 'libmicroxrceddsclient_project'
[354/1188] Building CXX object msg/CMakeFiles/uorb_msgs.dir/topics_sources/vtol_vehicle_status.cpp.obj
[355/1188] No patch step for 'libmicroxrceddsclient_project'
[356/1188] Generating px4_parameters.hpp
[357/1188] Generating nuttx/crypto/libcrypto.a
[358/1188] Linking CXX static library msg/libuorb_msgs.a
[359/1188] Generating nuttx/boards/libboards.a
[360/1188] Building CXX object src/modules/ekf2/EKF/output_predictor/CMakeFiles/output_predictor.dir/output_predictor.cpp.obj
[361/1188] Linking CXX static library src/modules/ekf2/EKF/output_predictor/liboutput_predictor.a
[362/1188] Building CXX object src/modules/ekf2/EKF/yaw_estimator/CMakeFiles/yaw_estimator.dir/EKFGSF_yaw.cpp.obj
[363/1188] Linking CXX static library src/modules/ekf2/EKF/yaw_estimator/libyaw_estimator.a
[364/1188] Generating nuttx/libs/libxx/libxx.a
[365/1188] Generating Mavlink uAvionix: src/modules/mavlink/mavlink/message_definitions/v1.0/uAvionix.xml
[366/1188] Linking CXX static library src/modules/ekf2/EKF/libecl_EKF.a
[367/1188] Generating px4 event json file from source
[368/1188] Generating nuttx/binfmt/libbinfmt.a
[369/1188] Generating combined event json file
[370/1188] Generating component_general.json and checksums.h
[371/1188] ROMFS: copying /home/crocodile/PX4-Autopilot-testc4-rover-tuning/boards/zeroone/x6/extras/px4_io-v2_default.bin
[372/1188] ROMFS: copying rc.board_arch_defaults
[373/1188] ROMFS: copying rc.board_sensors
[374/1188] ROMFS: copying rc.board_mavlink
[375/1188] ROMFS: copying rc.board_defaults
[376/1188] Generating Mavlink hybrid_vehicle: src/modules/mavlink/mavlink/message_definitions/v1.0/hybrid_vehicle.xml
[377/1188] ROMFS: copying extras
[378/1188] ROMFS: pruning
[379/1188] Generating ../gencromfs
[380/1188] ROMFS: generating image
[381/1188] Building C object ROMFS/CMakeFiles/romfs.dir/nsh_romfsimg.c.obj
[382/1188] Linking C static library ROMFS/libromfs.a
[383/1188] Generating nuttx/mm/libmm.a
[384/1188] Generating nuttx/drivers/libdrivers.a
[385/1188] Generating apps/libapps.a
[386/1188] Generating nuttx/arch/arm/src/libarch.a
chip/stm32_gpio.c:47:11: note: #pragma message: CONFIG_STM32H7_USE_LEGACY_PINMAP will be deprecated migrate board.h see tools/stm32_pinmap_tool.py
   47 | #  pragma message "CONFIG_STM32H7_USE_LEGACY_PINMAP will be deprecated migrate board.h see tools/stm32_pinmap_tool.py"
      |           ^~~~~~~
[387/1188] Generating nuttx/fs/libfs.a
[388/1188] Generating nuttx/net/libnet.a
[389/1188] Generating nuttx/sched/libsched.a
[390/1188] Performing configure step for 'libmicroxrceddsclient_project'
[391/1188] Generating nuttx/libs/libc/libc.a
[392/1188] Building CXX object src/lib/circuit_breaker/CMakeFiles/circuit_breaker.dir/circuit_breaker.cpp.obj
[393/1188] Building CXX object src/lib/airspeed/CMakeFiles/airspeed.dir/airspeed.cpp.obj
[394/1188] Building CXX object src/lib/cdev/CMakeFiles/cdev.dir/nuttx/cdev_platform.cpp.obj
[395/1188] Building CXX object src/lib/atmosphere/CMakeFiles/atmosphere.dir/atmosphere.cpp.obj
[396/1188] Building CXX object src/lib/cdev/CMakeFiles/cdev.dir/CDev.cpp.obj
[397/1188] Building CXX object src/lib/button/CMakeFiles/button_publisher.dir/ButtonPublisher.cpp.obj
[398/1188] Building CXX object src/lib/control_allocation/actuator_effectiveness/CMakeFiles/ActuatorEffectiveness.dir/ActuatorEffectiveness.cpp.obj
[399/1188] Building CXX object src/lib/collision_prevention/CMakeFiles/CollisionPrevention.dir/ObstacleMath.cpp.obj
[400/1188] Building CXX object src/lib/control_allocation/control_allocation/CMakeFiles/ControlAllocation.dir/ControlAllocation.cpp.obj
[401/1188] Building CXX object src/lib/controllib/CMakeFiles/controllib.dir/block/Block.cpp.obj
[402/1188] Building CXX object src/lib/adsb/CMakeFiles/adsb.dir/AdsbConflict.cpp.obj
[403/1188] Building CXX object src/lib/controllib/CMakeFiles/controllib.dir/block/BlockParam.cpp.obj
[404/1188] Building CXX object src/lib/controllib/CMakeFiles/controllib.dir/BlockDerivative.cpp.obj
[405/1188] Building CXX object src/lib/controllib/CMakeFiles/controllib.dir/BlockHighPass.cpp.obj
[406/1188] Building CXX object src/lib/controllib/CMakeFiles/controllib.dir/BlockIntegral.cpp.obj
[407/1188] Building CXX object src/lib/controllib/CMakeFiles/controllib.dir/BlockLimitSym.cpp.obj
[408/1188] Building CXX object src/lib/controllib/CMakeFiles/controllib.dir/BlockIntegralTrap.cpp.obj
[409/1188] Building CXX object src/lib/controllib/CMakeFiles/controllib.dir/BlockLowPass.cpp.obj
[410/1188] Building CXX object src/lib/controllib/CMakeFiles/controllib.dir/BlockLowPass2.cpp.obj
[411/1188] Building CXX object src/lib/control_allocation/control_allocation/CMakeFiles/ControlAllocation.dir/ControlAllocationSequentialDesaturation.cpp.obj
[412/1188] Building CXX object src/lib/controllib/CMakeFiles/controllib.dir/BlockLimit.cpp.obj
[413/1188] Building CXX object src/lib/control_allocation/control_allocation/CMakeFiles/ControlAllocation.dir/ControlAllocationPseudoInverse.cpp.obj
[414/1188] Building CXX object src/lib/drivers/device/CMakeFiles/drivers__device.dir/CDev.cpp.obj
[415/1188] Building CXX object src/lib/battery/CMakeFiles/battery.dir/battery.cpp.obj
[416/1188] Building CXX object src/lib/hybrid_control/CMakeFiles/hybrid_control.dir/C610Protocol.cpp.obj
[417/1188] Building C object src/lib/heatshrink/CMakeFiles/heatshrink.dir/heatshrink/heatshrink_decoder.c.obj
[418/1188] Building CXX object src/lib/hybrid_control/CMakeFiles/hybrid_control.dir/M2006CommandAdapter.cpp.obj
[419/1188] Building CXX object src/lib/drivers/led/CMakeFiles/drivers__led.dir/led.cpp.obj
[420/1188] Building CXX object src/lib/drivers/accelerometer/CMakeFiles/drivers_accelerometer.dir/PX4Accelerometer.cpp.obj
[421/1188] Building CXX object src/lib/conversion/CMakeFiles/conversion.dir/rotation.cpp.obj
[422/1188] Building CXX object src/lib/collision_prevention/CMakeFiles/CollisionPrevention.dir/CollisionPrevention.cpp.obj
[423/1188] Building CXX object src/lib/hybrid_control/CMakeFiles/hybrid_control.dir/M2006DriveGate.cpp.obj
[424/1188] Building CXX object src/lib/hybrid_control/CMakeFiles/hybrid_control.dir/M2006SpeedController.cpp.obj
[425/1188] Building CXX object src/lib/hybrid_control/CMakeFiles/hybrid_control.dir/HybridTransitionPolicy.cpp.obj
[426/1188] Building CXX object src/lib/drivers/device/CMakeFiles/drivers__device.dir/nuttx/SPI.cpp.obj
[427/1188] Building CXX object src/lib/drivers/device/CMakeFiles/drivers__device.dir/nuttx/I2C.cpp.obj
[428/1188] Building CXX object src/lib/drivers/magnetometer/CMakeFiles/drivers_magnetometer.dir/PX4Magnetometer.cpp.obj
[429/1188] Building CXX object src/lib/dataman_client/CMakeFiles/dataman_client.dir/DatamanClient.cpp.obj
[430/1188] Building CXX object src/lib/drivers/gyroscope/CMakeFiles/drivers_gyroscope.dir/PX4Gyroscope.cpp.obj
[431/1188] Building CXX object src/lib/hybrid_control/CMakeFiles/hybrid_control.dir/TransformationPosition.cpp.obj
[432/1188] Building CXX object src/lib/drivers/rangefinder/CMakeFiles/drivers_rangefinder.dir/PX4Rangefinder.cpp.obj
[433/1188] Building CXX object src/lib/hybrid_control/CMakeFiles/hybrid_control.dir/Hx8BackendPolicy.cpp.obj
[434/1188] Building CXX object src/lib/hx8_servo/CMakeFiles/hx8_protocol.dir/Hx8Protocol.cpp.obj
[435/1188] Building CXX object src/lib/hysteresis/CMakeFiles/hysteresis.dir/hysteresis.cpp.obj
[436/1188] Building CXX object src/lib/motion_planning/CMakeFiles/motion_planning.dir/HeadingSmoothing.cpp.obj
[437/1188] Building CXX object src/lib/mathlib/CMakeFiles/mathlib.dir/math/test/test.cpp.obj
[438/1188] Building CXX object src/lib/hybrid_control/CMakeFiles/hybrid_control.dir/TransformationStateMachine.cpp.obj
[439/1188] Building CXX object src/lib/motion_planning/CMakeFiles/motion_planning.dir/ManualVelocitySmoothingXY.cpp.obj
[440/1188] Building CXX object src/lib/l1/CMakeFiles/l1.dir/ECL_L1_Pos_Controller.cpp.obj
[441/1188] Building CXX object src/lib/motion_planning/CMakeFiles/motion_planning.dir/ManualVelocitySmoothingZ.cpp.obj
[442/1188] Building CXX object src/lib/hx8_servo/CMakeFiles/hx8_controller.dir/Hx8Controller.cpp.obj
[443/1188] Building CXX object src/lib/pid/CMakeFiles/PID.dir/PID.cpp.obj
[444/1188] Building CXX object src/lib/mixer_module/CMakeFiles/mixer_module.dir/actuator_test.cpp.obj
[445/1188] Building CXX object src/lib/motion_planning/CMakeFiles/motion_planning.dir/VelocitySmoothing.cpp.obj
[446/1188] Building CXX object src/lib/rate_control/CMakeFiles/RateControl.dir/rate_control.cpp.obj
[447/1188] Building CXX object src/lib/rc/CMakeFiles/rc.dir/st24.cpp.obj
[448/1188] Building CXX object src/lib/pure_pursuit/CMakeFiles/pure_pursuit.dir/PurePursuit.cpp.obj
[449/1188] Building CXX object src/lib/rc/CMakeFiles/rc.dir/crsf.cpp.obj
[450/1188] Building CXX object src/lib/led/CMakeFiles/led.dir/led.cpp.obj
[451/1188] Building CXX object src/lib/rc/CMakeFiles/rc.dir/common_rc.cpp.obj
[452/1188] Building CXX object src/lib/rc/CMakeFiles/rc.dir/ghst.cpp.obj
[453/1188] Building CXX object src/lib/rc/CMakeFiles/rc.dir/sumd.cpp.obj
[454/1188] Building CXX object src/lib/motion_planning/CMakeFiles/motion_planning.dir/PositionSmoothing.cpp.obj
[455/1188] Building CXX object src/lib/slew_rate/CMakeFiles/SlewRate.dir/dummy.cpp.obj
[456/1188] Building CXX object src/lib/rc/CMakeFiles/rc.dir/sbus.cpp.obj
[457/1188] Building CXX object src/lib/ringbuffer/CMakeFiles/ringbuffer.dir/Ringbuffer.cpp.obj
[458/1188] Building CXX object src/lib/rc/CMakeFiles/rc.dir/dsm.cpp.obj
[459/1188] Linking CXX static library src/lib/rc/librc.a
[460/1188] Building CXX object src/lib/systemlib/CMakeFiles/systemlib.dir/mavlink_log.cpp.obj
[461/1188] Building C object src/lib/systemlib/CMakeFiles/systemlib.dir/otp.c.obj
[462/1188] Building CXX object src/lib/tunes/CMakeFiles/tunes.dir/default_tunes.cpp.obj
[463/1188] Building CXX object src/lib/sensor_calibration/CMakeFiles/sensor_calibration.dir/Barometer.cpp.obj
[464/1188] Building CXX object src/lib/rover_control/CMakeFiles/rover_control.dir/RoverControl.cpp.obj
[465/1188] Building CXX object src/lib/sensor_calibration/CMakeFiles/sensor_calibration.dir/Utilities.cpp.obj
[466/1188] Building CXX object src/lib/variable_length_ringbuffer/CMakeFiles/variable_length_ringbuffer.dir/VariableLengthRingbuffer.cpp.obj
[467/1188] Building CXX object src/lib/rtl/CMakeFiles/rtl_time_estimator.dir/rtl_time_estimator.cpp.obj
[468/1188] Building CXX object src/lib/timesync/CMakeFiles/timesync.dir/Timesync.cpp.obj
[469/1188] Building CXX object src/lib/stick_yaw/CMakeFiles/StickYaw.dir/StickYaw.cpp.obj
[470/1188] Building CXX object src/lib/sensor_calibration/CMakeFiles/sensor_calibration.dir/Gyroscope.cpp.obj
[471/1188] Building CXX object src/lib/sensor_calibration/CMakeFiles/sensor_calibration.dir/Accelerometer.cpp.obj
[472/1188] Building CXX object src/lib/tunes/CMakeFiles/tunes.dir/tunes.cpp.obj
[473/1188] Building CXX object src/lib/system_identification/CMakeFiles/SystemIdentification.dir/system_identification.cpp.obj
[474/1188] Building C object platforms/nuttx/src/px4/common/CMakeFiles/px4_layer.dir/board_dma_alloc.c.obj
[475/1188] Building C object platforms/nuttx/src/px4/common/CMakeFiles/px4_layer.dir/board_fat_dma_alloc.c.obj
[476/1188] Building C object platforms/nuttx/src/px4/common/CMakeFiles/px4_layer.dir/board_crashdump.c.obj
[477/1188] Building C object platforms/nuttx/src/px4/common/CMakeFiles/px4_layer.dir/gpio.c.obj
[478/1188] Building CXX object platforms/nuttx/src/px4/common/CMakeFiles/px4_layer.dir/console_buffer.cpp.obj
[479/1188] Building CXX object platforms/nuttx/src/px4/common/CMakeFiles/px4_layer.dir/cpuload.cpp.obj
[480/1188] Building CXX object platforms/nuttx/src/px4/common/CMakeFiles/px4_layer.dir/px4_nuttx_impl.cpp.obj
[481/1188] Building CXX object src/lib/sensor_calibration/CMakeFiles/sensor_calibration.dir/Magnetometer.cpp.obj
[482/1188] Building CXX object platforms/nuttx/src/px4/common/CMakeFiles/px4_layer.dir/px4_crypto.cpp.obj
[483/1188] Building CXX object platforms/nuttx/src/px4/common/CMakeFiles/px4_layer.dir/tasks.cpp.obj
[484/1188] Building CXX object src/lib/mixer_module/CMakeFiles/mixer_module.dir/mixer_module.cpp.obj
[485/1188] Building CXX object platforms/nuttx/src/px4/common/CMakeFiles/px4_layer.dir/px4_manifest.cpp.obj
[486/1188] Building CXX object platforms/nuttx/src/px4/common/CMakeFiles/px4_layer.dir/print_load.cpp.obj
[487/1188] Building CXX object platforms/nuttx/src/px4/common/CMakeFiles/px4_layer.dir/px4_init.cpp.obj
[488/1188] Building C object platforms/nuttx/src/px4/common/CMakeFiles/px4_layer.dir/progmem_dump.c.obj
[489/1188] Building C object platforms/nuttx/src/px4/stm/stm32h7/board_critmon/CMakeFiles/arch_board_critmon.dir/board_critmon.c.obj
[490/1188] Building CXX object platforms/nuttx/src/px4/common/CMakeFiles/px4_layer.dir/__/__/__/__/common/Serial.cpp.obj
[491/1188] Building C object platforms/nuttx/src/px4/common/CMakeFiles/px4_layer.dir/px4_24xxxx_mtd.c.obj
[492/1188] Building CXX object src/lib/weather_vane/CMakeFiles/WeatherVane.dir/WeatherVane.cpp.obj
[493/1188] Building CXX object platforms/nuttx/src/px4/stm/stm32h7/board_reset/CMakeFiles/arch_board_reset.dir/board_reset.cpp.obj
[494/1188] Building C object platforms/nuttx/src/px4/stm/stm32h7/board_hw_info/CMakeFiles/arch_board_hw_info.dir/board_hw_rev_ver.c.obj
[495/1188] Building CXX object platforms/nuttx/src/px4/stm/stm32h7/adc/CMakeFiles/arch_adc.dir/adc.cpp.obj
[496/1188] Building CXX object platforms/nuttx/src/px4/common/CMakeFiles/px4_layer.dir/px4_mtd.cpp.obj
[497/1188] Building CXX object platforms/nuttx/src/px4/common/CMakeFiles/px4_layer.dir/SerialImpl.cpp.obj
[498/1188] Building C object platforms/nuttx/src/px4/stm/stm32h7/hrt/CMakeFiles/arch_hrt.dir/hrt.c.obj
[499/1188] Building C object platforms/nuttx/src/px4/stm/stm32h7/io_pins/CMakeFiles/arch_io_pins.dir/pwm_servo.c.obj
[500/1188] Building C object platforms/nuttx/src/px4/stm/stm32h7/io_pins/CMakeFiles/arch_io_pins.dir/pwm_trigger.c.obj
[501/1188] Building CXX object platforms/nuttx/src/px4/stm/stm32h7/tone_alarm/CMakeFiles/arch_tone_alarm.dir/ToneAlarmInterface.cpp.obj
[502/1188] Building C object platforms/nuttx/src/px4/stm/stm32h7/io_pins/CMakeFiles/arch_io_pins.dir/input_capture.c.obj
[503/1188] Building C object platforms/common/CMakeFiles/px4_platform.dir/board_common.c.obj
[504/1188] Building C object platforms/nuttx/src/px4/stm/stm32h7/version/CMakeFiles/arch_version.dir/board_identity.c.obj
[505/1188] Building C object platforms/common/CMakeFiles/px4_platform.dir/board_identity.c.obj
[506/1188] Building CXX object platforms/nuttx/src/px4/stm/stm32h7/spi/CMakeFiles/arch_spi.dir/spi.cpp.obj
[507/1188] Building C object platforms/nuttx/src/px4/stm/stm32h7/version/CMakeFiles/arch_version.dir/board_mcu_version.c.obj
[508/1188] Building C object platforms/nuttx/src/px4/stm/stm32h7/dshot/CMakeFiles/arch_dshot.dir/dshot.c.obj
[509/1188] Building CXX object platforms/common/CMakeFiles/px4_platform.dir/Serial.cpp.obj
[510/1188] Building CXX object platforms/common/CMakeFiles/px4_platform.dir/external_reset_lockout.cpp.obj
[511/1188] Building CXX object platforms/common/CMakeFiles/px4_platform.dir/i2c.cpp.obj
[512/1188] Building C object platforms/common/CMakeFiles/px4_platform.dir/px4_getopt.c.obj
[513/1188] Building CXX object platforms/common/CMakeFiles/px4_platform.dir/px4_cli.cpp.obj
[514/1188] Building CXX object platforms/nuttx/src/px4/stm/stm32h7/px4io_serial/CMakeFiles/arch_px4io_serial.dir/px4io_serial.cpp.obj
[515/1188] Building CXX object platforms/common/CMakeFiles/px4_platform.dir/module.cpp.obj
[516/1188] Building CXX object platforms/common/CMakeFiles/px4_platform.dir/px4_log_history.cpp.obj
[517/1188] Building CXX object platforms/common/CMakeFiles/px4_platform.dir/shutdown.cpp.obj
[518/1188] Building C object platforms/common/CMakeFiles/px4_platform.dir/pab_manifest.c.obj
[519/1188] Building C object platforms/nuttx/src/px4/stm/stm32h7/io_pins/CMakeFiles/arch_io_pins.dir/io_timer.c.obj
[520/1188] Building CXX object platforms/common/CMakeFiles/px4_platform.dir/spi.cpp.obj
[521/1188] Building CXX object platforms/common/uORB/CMakeFiles/uORB.dir/uORBUtils.cpp.obj
[522/1188] Building CXX object platforms/common/CMakeFiles/px4_platform.dir/px4_log.cpp.obj
[523/1188] Building CXX object platforms/common/uORB/CMakeFiles/uORB.dir/Subscription.cpp.obj
[524/1188] Building CXX object platforms/common/uORB/CMakeFiles/uORB.dir/SubscriptionInterval.cpp.obj
[525/1188] Building CXX object platforms/common/uORB/CMakeFiles/uORB.dir/uORBMessageFields.cpp.obj
[526/1188] Building CXX object platforms/common/px4_work_queue/CMakeFiles/px4_work_queue.dir/WorkItem.cpp.obj
[527/1188] Building CXX object platforms/common/px4_work_queue/CMakeFiles/px4_work_queue.dir/ScheduledWorkItem.cpp.obj
[528/1188] Building CXX object platforms/common/uORB/CMakeFiles/uORB.dir/uORBDeviceMaster.cpp.obj
[529/1188] Building CXX object platforms/common/px4_work_queue/CMakeFiles/px4_work_queue.dir/WorkItemSingleShot.cpp.obj
[530/1188] Building CXX object platforms/common/CMakeFiles/px4_platform.dir/i2c_spi_buses.cpp.obj
[531/1188] Building CXX object platforms/common/uORB/CMakeFiles/uORB.dir/uORBManager.cpp.obj
[532/1188] Building CXX object platforms/common/uORB/CMakeFiles/uORB.dir/uORB.cpp.obj
[533/1188] Building CXX object platforms/common/uORB/CMakeFiles/uORB.dir/uORBDeviceNode.cpp.obj
[534/1188] Building CXX object platforms/common/px4_work_queue/CMakeFiles/px4_work_queue.dir/WorkQueue.cpp.obj
[535/1188] Building CXX object src/drivers/actuators/hx8_uart_servo/CMakeFiles/drivers__actuators__hx8_uart_servo.dir/hx8_uart_servo_main.cpp.obj
[536/1188] Building CXX object src/drivers/barometer/invensense/icp201xx/CMakeFiles/drivers__invensense__icp201xx.dir/icp201xx_main.cpp.obj
[537/1188] Building CXX object platforms/common/px4_work_queue/CMakeFiles/px4_work_queue.dir/WorkQueueManager.cpp.obj
[538/1188] Building CXX object src/drivers/adc/ads1115/CMakeFiles/drivers__ads1115.dir/ADS1115.cpp.obj
[539/1188] Building CXX object src/drivers/adc/ads1115/CMakeFiles/drivers__ads1115.dir/ads1115_main.cpp.obj
[540/1188] Building CXX object src/drivers/differential_pressure/ms5525dso/CMakeFiles/drivers__differential_pressure__ms5525dso.dir/ms5525dso_main.cpp.obj
[541/1188] Building CXX object src/drivers/adc/board_adc/CMakeFiles/drivers__board_adc.dir/ADC.cpp.obj
[542/1188] Building CXX object src/drivers/differential_pressure/ms4525do/CMakeFiles/drivers__differential_pressure__ms4525do.dir/ms4525do_main.cpp.obj
[543/1188] Building CXX object src/drivers/actuators/hx8_uart_servo/CMakeFiles/drivers__actuators__hx8_uart_servo.dir/Hx8UartServo.cpp.obj
[544/1188] Building CXX object src/drivers/differential_pressure/ms4525do/CMakeFiles/drivers__differential_pressure__ms4525do.dir/MS4525DO.cpp.obj
[545/1188] Building CXX object src/drivers/differential_pressure/sdp3x/CMakeFiles/drivers__differential_pressure__sdp3x.dir/sdp3x_main.cpp.obj
[546/1188] Building CXX object src/drivers/distance_sensor/lightware_laser_serial/CMakeFiles/drivers__distance_sensor__lightware_laser_serial.dir/parser.cpp.obj
[547/1188] Building CXX object src/drivers/barometer/invensense/icp201xx/CMakeFiles/drivers__invensense__icp201xx.dir/ICP201XX.cpp.obj
[548/1188] Building CXX object src/drivers/cdcacm_autostart/CMakeFiles/drivers__cdcacm_autostart.dir/cdcacm_autostart.cpp.obj
[549/1188] Building CXX object src/drivers/distance_sensor/lightware_laser_serial/CMakeFiles/drivers__distance_sensor__lightware_laser_serial.dir/lightware_laser_serial_main.cpp.obj
[550/1188] Building CXX object src/drivers/differential_pressure/ms5525dso/CMakeFiles/drivers__differential_pressure__ms5525dso.dir/MS5525DSO.cpp.obj
[551/1188] Building CXX object src/drivers/distance_sensor/cm8jl65/CMakeFiles/drivers__cm8jl65.dir/cm8jl65_main.cpp.obj
[552/1188] Building CXX object src/drivers/distance_sensor/cm8jl65/CMakeFiles/drivers__cm8jl65.dir/CM8JL65.cpp.obj
[553/1188] Building CXX object src/drivers/distance_sensor/lightware_laser_serial/CMakeFiles/drivers__distance_sensor__lightware_laser_serial.dir/lightware_laser_serial.cpp.obj
[554/1188] Building CXX object src/drivers/differential_pressure/sdp3x/CMakeFiles/drivers__differential_pressure__sdp3x.dir/SDP3X.cpp.obj
[555/1188] Building CXX object src/drivers/distance_sensor/ll40ls/CMakeFiles/drivers__ll40ls.dir/ll40ls.cpp.obj
[556/1188] Building CXX object src/drivers/distance_sensor/tfmini/CMakeFiles/drivers__tfmini.dir/tfmini_parser.cpp.obj
[557/1188] Building CXX object src/drivers/distance_sensor/teraranger/CMakeFiles/drivers__distance_sensor__teraranger.dir/teraranger_main.cpp.obj
[558/1188] Building CXX object src/drivers/distance_sensor/tf02pro/CMakeFiles/drivers__distance_sensor__tf02pro.dir/tf02pro_main.cpp.obj
[559/1188] Building CXX object src/drivers/distance_sensor/lightware_laser_i2c/CMakeFiles/drivers__distance_sensor__lightware_laser_i2c.dir/lightware_laser_i2c.cpp.obj
[560/1188] Building CXX object src/drivers/distance_sensor/tf02pro/CMakeFiles/drivers__distance_sensor__tf02pro.dir/TF02PRO.cpp.obj
[561/1188] Building CXX object src/drivers/distance_sensor/ll40ls/CMakeFiles/drivers__ll40ls.dir/LidarLiteI2C.cpp.obj
[562/1188] Building CXX object src/drivers/distance_sensor/tfmini/CMakeFiles/drivers__tfmini.dir/TFMINI.cpp.obj
[563/1188] Building CXX object src/drivers/distance_sensor/ulanding_radar/CMakeFiles/drivers__distance_sensor__ulanding_radar.dir/AerotennaULanding.cpp.obj
[564/1188] Building CXX object src/drivers/distance_sensor/teraranger/CMakeFiles/drivers__distance_sensor__teraranger.dir/TERARANGER.cpp.obj
[565/1188] Building CXX object src/drivers/distance_sensor/tfmini/CMakeFiles/drivers__tfmini.dir/tfmini_main.cpp.obj
[566/1188] Building CXX object src/drivers/gps/CMakeFiles/drivers__gps.dir/devices/src/crc.cpp.obj
[567/1188] Building CXX object src/drivers/dshot/CMakeFiles/drivers__dshot.dir/DShotTelemetry.cpp.obj
[568/1188] Building CXX object src/drivers/gps/CMakeFiles/drivers__gps.dir/devices/src/gps_helper.cpp.obj
[569/1188] Building CXX object src/drivers/distance_sensor/ulanding_radar/CMakeFiles/drivers__distance_sensor__ulanding_radar.dir/ulanding_radar_main.cpp.obj
[570/1188] Building CXX object src/drivers/gps/CMakeFiles/drivers__gps.dir/devices/src/rtcm.cpp.obj
[571/1188] Building CXX object src/drivers/gps/CMakeFiles/drivers__gps.dir/devices/src/mtk.cpp.obj
[572/1188] Building CXX object src/drivers/distance_sensor/vl53l0x/CMakeFiles/drivers__distance_sensor__vl53l0x.dir/VL53L0X.cpp.obj
[573/1188] Building CXX object src/drivers/gps/CMakeFiles/drivers__gps.dir/devices/src/unicore.cpp.obj
[574/1188] Building CXX object src/drivers/gps/CMakeFiles/drivers__gps.dir/devices/src/emlid_reach.cpp.obj
[575/1188] Building CXX object src/drivers/encoder_sensor/as5600/CMakeFiles/drivers__encoder_sensor__as5600.dir/as5600.cpp.obj
[576/1188] Building CXX object src/drivers/distance_sensor/vl53l1x/CMakeFiles/drivers__distance_sensor__vl53l1x.dir/vl53l1x.cpp.obj
[577/1188] Building CXX object src/drivers/gps/CMakeFiles/drivers__gps.dir/devices/src/femtomes.cpp.obj
[578/1188] Building CXX object src/drivers/imu/bosch/bmi088/CMakeFiles/drivers__imu__bosch__bmi088.dir/BMI088.cpp.obj
[579/1188] Building CXX object src/drivers/gps/CMakeFiles/drivers__gps.dir/devices/src/ashtech.cpp.obj
[580/1188] Building CXX object src/drivers/imu/bosch/bmi088/CMakeFiles/drivers__imu__bosch__bmi088.dir/bmi088_main.cpp.obj
[581/1188] Building CXX object src/drivers/gps/CMakeFiles/drivers__gps.dir/devices/src/nmea.cpp.obj
[582/1188] Building CXX object src/drivers/heater/CMakeFiles/drivers__heater.dir/heater.cpp.obj
[583/1188] Building CXX object src/drivers/imu/invensense/icm45686/CMakeFiles/drivers__imu__invensense__icm45686.dir/icm45686_main.cpp.obj
[584/1188] Building CXX object src/drivers/dshot/CMakeFiles/drivers__dshot.dir/DShot.cpp.obj
[585/1188] Building CXX object src/drivers/imu/bosch/bmi088/CMakeFiles/drivers__imu__bosch__bmi088.dir/BMI088_Accelerometer.cpp.obj
[586/1188] Building CXX object src/drivers/gps/CMakeFiles/drivers__gps.dir/devices/src/ubx.cpp.obj
[587/1188] Building CXX object src/drivers/gps/CMakeFiles/drivers__gps.dir/gps.cpp.obj
[588/1188] Building CXX object src/drivers/imu/bosch/bmi088/CMakeFiles/drivers__imu__bosch__bmi088.dir/BMI088_Gyroscope.cpp.obj
[589/1188] Building CXX object src/drivers/magnetic_sensor/tmag5273/CMakeFiles/drivers__magnetic_sensor__tmag5273.dir/tmag5273.cpp.obj
[590/1188] Building CXX object src/drivers/imu/invensense/icm45686/CMakeFiles/drivers__imu__invensense__icm45686.dir/ICM45686.cpp.obj
[591/1188] Building CXX object src/drivers/magnetometer/akm/ak09916/CMakeFiles/drivers__magnetometer__akm__ak09916.dir/ak09916_main.cpp.obj
[592/1188] Building CXX object src/drivers/magnetometer/akm/ak09916/CMakeFiles/drivers__magnetometer__akm__ak09916.dir/AK09916.cpp.obj
[593/1188] Building CXX object src/drivers/magnetometer/akm/ak8963/CMakeFiles/drivers__magnetometer__akm__ak8963.dir/AK8963.cpp.obj
[594/1188] Building CXX object src/drivers/lights/rgbled_lp5562/CMakeFiles/drivers__rgbled_lp5562.dir/rgbled_lp5562.cpp.obj
[595/1188] Building CXX object src/drivers/lights/rgbled/CMakeFiles/drivers__rgbled.dir/rgbled.cpp.obj
[596/1188] Building CXX object src/drivers/lights/rgbled_is31fl3195/CMakeFiles/drivers__rgbled_is31fl3195.dir/rgbled_is31fl3195.cpp.obj
[597/1188] Building CXX object src/drivers/ins/vectornav/CMakeFiles/drivers__ins__vectornav.dir/VectorNav.cpp.obj
[598/1188] Building CXX object src/drivers/magnetometer/akm/ak8963/CMakeFiles/drivers__magnetometer__akm__ak8963.dir/ak8963_main.cpp.obj
[599/1188] Building CXX object src/drivers/magnetometer/bosch/bmm150/CMakeFiles/drivers__magnetometer__bosch__bmm150.dir/bmm150_main.cpp.obj
[600/1188] Building CXX object src/drivers/magnetometer/hmc5883/CMakeFiles/drivers__hmc5883.dir/hmc5883_i2c.cpp.obj
[601/1188] Building CXX object src/drivers/lights/rgbled_ncp5623c/CMakeFiles/drivers__rgbled_ncp5623c.dir/rgbled_ncp5623c.cpp.obj
[602/1188] Building CXX object src/drivers/magnetometer/hmc5883/CMakeFiles/drivers__hmc5883.dir/hmc5883_spi.cpp.obj
[603/1188] Building CXX object src/drivers/magnetometer/bosch/bmm150/CMakeFiles/drivers__magnetometer__bosch__bmm150.dir/BMM150.cpp.obj
[604/1188] Building CXX object src/drivers/magnetometer/isentek/ist8308/CMakeFiles/drivers__magnetometer__isentek__ist8308.dir/ist8308_main.cpp.obj
[605/1188] Building CXX object src/drivers/magnetometer/hmc5883/CMakeFiles/drivers__hmc5883.dir/hmc5883_main.cpp.obj
[606/1188] Building CXX object src/drivers/magnetometer/hmc5883/CMakeFiles/drivers__hmc5883.dir/HMC5883.cpp.obj
[607/1188] Building CXX object src/drivers/magnetometer/lis3mdl/CMakeFiles/drivers__magnetometer__lis3mdl.dir/lis3mdl_i2c.cpp.obj
[608/1188] Building CXX object src/drivers/magnetometer/isentek/ist8310/CMakeFiles/drivers__magnetometer__isentek__ist8310.dir/ist8310_main.cpp.obj
[609/1188] Building CXX object src/drivers/magnetometer/isentek/ist8308/CMakeFiles/drivers__magnetometer__isentek__ist8308.dir/IST8308.cpp.obj
[610/1188] Building CXX object src/drivers/magnetometer/lis3mdl/CMakeFiles/drivers__magnetometer__lis3mdl.dir/lis3mdl_main.cpp.obj
[611/1188] Building CXX object src/drivers/magnetometer/lsm303agr/CMakeFiles/drivers__magnetometer__lsm303agr.dir/lsm303agr_main.cpp.obj
[612/1188] Building CXX object src/drivers/magnetometer/lis3mdl/CMakeFiles/drivers__magnetometer__lis3mdl.dir/lis3mdl_spi.cpp.obj
[613/1188] Building CXX object src/drivers/magnetometer/memsic/mmc5983ma/CMakeFiles/drivers__magnetometer__memsic__mmc5983ma.dir/mmc5983ma_i2c.cpp.obj
[614/1188] Building CXX object src/drivers/magnetometer/isentek/ist8310/CMakeFiles/drivers__magnetometer__isentek__ist8310.dir/IST8310.cpp.obj
[615/1188] Building CXX object src/drivers/magnetometer/memsic/mmc5983ma/CMakeFiles/drivers__magnetometer__memsic__mmc5983ma.dir/mmc5983ma_main.cpp.obj
[616/1188] Building CXX object src/drivers/magnetometer/memsic/mmc5983ma/CMakeFiles/drivers__magnetometer__memsic__mmc5983ma.dir/mmc5983ma_spi.cpp.obj
[617/1188] Building CXX object src/drivers/magnetometer/lis3mdl/CMakeFiles/drivers__magnetometer__lis3mdl.dir/lis3mdl.cpp.obj
[618/1188] Building CXX object src/drivers/magnetometer/memsic/mmc5983ma/CMakeFiles/drivers__magnetometer__memsic__mmc5983ma.dir/mmc5983ma.cpp.obj
[619/1188] Building CXX object src/drivers/magnetometer/qmc5883l/CMakeFiles/drivers__magnetometer__qmc5883l.dir/qmc5883l_main.cpp.obj
[620/1188] Building CXX object src/drivers/magnetometer/lsm303agr/CMakeFiles/drivers__magnetometer__lsm303agr.dir/LSM303AGR.cpp.obj
[621/1188] Building CXX object src/drivers/magnetometer/qmc5883l/CMakeFiles/drivers__magnetometer__qmc5883l.dir/QMC5883L.cpp.obj
[622/1188] Building CXX object src/drivers/magnetometer/rm3100/CMakeFiles/drivers__rm3100.dir/rm3100_spi.cpp.obj
[623/1188] Building CXX object src/drivers/magnetometer/rm3100/CMakeFiles/drivers__rm3100.dir/rm3100_i2c.cpp.obj
[624/1188] Building CXX object src/drivers/osd/msp_osd/CMakeFiles/drivers__osd__msp_osd.dir/MspV1.cpp.obj
[625/1188] Building CXX object src/drivers/magnetometer/rm3100/CMakeFiles/drivers__rm3100.dir/rm3100_main.cpp.obj
[626/1188] Building CXX object src/drivers/osd/msp_osd/MessageDisplay/CMakeFiles/message_display.dir/MessageDisplay.cpp.obj
[627/1188] Building CXX object src/drivers/magnetometer/rm3100/CMakeFiles/drivers__rm3100.dir/rm3100.cpp.obj
[628/1188] Building CXX object src/drivers/magnetometer/st/iis2mdc/CMakeFiles/drivers__magnetometer__st__iis2mdc.dir/iis2mdc_main.cpp.obj
[629/1188] Building CXX object src/drivers/magnetometer/st/iis2mdc/CMakeFiles/drivers__magnetometer__st__iis2mdc.dir/iis2mdc.cpp.obj
[630/1188] Building CXX object src/drivers/magnetometer/st/iis2mdc/CMakeFiles/drivers__magnetometer__st__iis2mdc.dir/iis2mdc_i2c.cpp.obj
[631/1188] Building CXX object src/drivers/px4io/CMakeFiles/drivers__px4io.dir/px4io_serial.cpp.obj
[632/1188] Building CXX object src/drivers/osd/msp_osd/CMakeFiles/drivers__osd__msp_osd.dir/uorb_to_msp.cpp.obj
[633/1188] Building CXX object src/drivers/power_monitor/ina228/CMakeFiles/drivers__ina228.dir/ina228_main.cpp.obj
[634/1188] Building CXX object src/drivers/px4io/CMakeFiles/drivers__px4io.dir/px4io_uploader.cpp.obj
[635/1188] Building CXX object src/drivers/power_monitor/ina226/CMakeFiles/drivers__ina226.dir/ina226_main.cpp.obj
[636/1188] Building CXX object src/drivers/power_monitor/ina238/CMakeFiles/drivers__ina238.dir/ina238_main.cpp.obj
[637/1188] Building CXX object src/drivers/power_monitor/pm_selector_auterion/CMakeFiles/drivers__power_monitor_pm_selector_auterion.dir/PowerMonitorSelectorAuterion.cpp.obj
[638/1188] Building CXX object src/drivers/osd/msp_osd/CMakeFiles/drivers__osd__msp_osd.dir/msp_osd.cpp.obj
[639/1188] Building CXX object src/drivers/power_monitor/ina228/CMakeFiles/drivers__ina228.dir/ina228.cpp.obj
[640/1188] Building CXX object src/drivers/uavcan/CMakeFiles/uavcan_can_ownership.dir/CanOwnership.cpp.obj
[641/1188] Building CXX object src/drivers/power_monitor/ina226/CMakeFiles/drivers__ina226.dir/ina226.cpp.obj
[642/1188] Building CXX object src/drivers/pwm_out/CMakeFiles/drivers__pwm_out.dir/PWMOut.cpp.obj
[643/1188] Building CXX object src/drivers/power_monitor/ina238/CMakeFiles/drivers__ina238.dir/ina238.cpp.obj
[644/1188] Building CXX object src/drivers/rc_input/CMakeFiles/drivers__rc_input.dir/crsf_telemetry.cpp.obj
[645/1188] Building CXX object src/drivers/rc_input/CMakeFiles/drivers__rc_input.dir/ghst_telemetry.cpp.obj
[646/1188] Building CXX object src/drivers/safety_button/CMakeFiles/drivers__safety_button.dir/SafetyButton.cpp.obj
[647/1188] Building CXX object src/drivers/tone_alarm/CMakeFiles/drivers__tone_alarm.dir/ToneAlarm.cpp.obj
[648/1188] Building CXX object src/drivers/rc_input/CMakeFiles/drivers__rc_input.dir/RCInput.cpp.obj
[649/1188] Building CXX object src/drivers/px4io/CMakeFiles/drivers__px4io.dir/px4io.cpp.obj
[650/1188] Building CXX object src/drivers/uavcan/CMakeFiles/drivers__uavcan.dir/actuators/hardpoint.cpp.obj
[651/1188] Building CXX object src/drivers/uavcan/CMakeFiles/drivers__uavcan.dir/arming_status.cpp.obj
[652/1188] Building CXX object src/drivers/uavcan/CMakeFiles/drivers__uavcan.dir/safety_state.cpp.obj
[653/1188] Building CXX object src/drivers/uavcan/CMakeFiles/drivers__uavcan.dir/beep.cpp.obj
[654/1188] Building CXX object src/drivers/uavcan/CMakeFiles/drivers__uavcan.dir/rgbled.cpp.obj
[655/1188] Building CXX object src/drivers/uavcan/CMakeFiles/drivers__uavcan.dir/sensors/differential_pressure.cpp.obj
[656/1188] Building CXX object src/drivers/uavcan/CMakeFiles/drivers__uavcan.dir/actuators/servo.cpp.obj
[657/1188] Building CXX object src/drivers/uavcan/CMakeFiles/drivers__uavcan.dir/sensors/baro.cpp.obj
[658/1188] Building CXX object src/drivers/uavcan/CMakeFiles/drivers__uavcan.dir/actuators/esc.cpp.obj
[659/1188] Building CXX object src/drivers/uavcan/CMakeFiles/drivers__uavcan.dir/sensors/sensor_bridge.cpp.obj
[660/1188] Building CXX object src/drivers/uavcan/CMakeFiles/drivers__uavcan.dir/sensors/flow.cpp.obj
[661/1188] Building CXX object src/drivers/uavcan/CMakeFiles/drivers__uavcan.dir/sensors/battery.cpp.obj
[662/1188] Building CXX object src/drivers/uavcan/CMakeFiles/drivers__uavcan.dir/sensors/airspeed.cpp.obj
[663/1188] Building CXX object src/drivers/uavcan/CMakeFiles/drivers__uavcan.dir/sensors/gnss_relative.cpp.obj
[664/1188] Building CXX object src/drivers/uavcan/CMakeFiles/drivers__uavcan.dir/remoteid.cpp.obj
[665/1188] Building CXX object src/drivers/uavcan/CMakeFiles/drivers__uavcan.dir/sensors/fuel_tank_status.cpp.obj
[666/1188] Building CXX object src/drivers/uavcan/CMakeFiles/drivers__uavcan.dir/sensors/accel.cpp.obj
[667/1188] Building CXX object src/drivers/uavcan/CMakeFiles/drivers__uavcan.dir/sensors/mag.cpp.obj
[668/1188] Building CXX object src/drivers/uavcan/CMakeFiles/drivers__uavcan.dir/sensors/rangefinder.cpp.obj
[669/1188] Building CXX object src/modules/battery_status/CMakeFiles/modules__battery_status.dir/analog_battery.cpp.obj
[670/1188] Building CXX object src/modules/commander/CMakeFiles/modules__commander.dir/airspeed_calibration.cpp.obj
[671/1188] Building CXX object src/modules/battery_status/CMakeFiles/modules__battery_status.dir/battery_status.cpp.obj
[672/1188] Building CXX object src/drivers/uavcan/CMakeFiles/drivers__uavcan.dir/sensors/hygrometer.cpp.obj
[673/1188] Building CXX object src/drivers/uavcan/CMakeFiles/drivers__uavcan.dir/sensors/safety_button.cpp.obj
[674/1188] Building CXX object src/modules/commander/CMakeFiles/modules__commander.dir/commander_helper.cpp.obj
[675/1188] Building CXX object src/drivers/uavcan/CMakeFiles/drivers__uavcan.dir/sensors/gyro.cpp.obj
[676/1188] Building CXX object src/drivers/uavcan/CMakeFiles/drivers__uavcan.dir/sensors/ice_status.cpp.obj
[677/1188] Building CXX object src/modules/commander/CMakeFiles/modules__commander.dir/baro_calibration.cpp.obj
[678/1188] Building CXX object src/modules/commander/CMakeFiles/modules__commander.dir/HomePosition.cpp.obj
[679/1188] Building CXX object src/drivers/uavcan/CMakeFiles/drivers__uavcan.dir/uavcan_servers.cpp.obj
[680/1188] Building CXX object src/drivers/uavcan/CMakeFiles/drivers__uavcan.dir/sensors/gnss.cpp.obj
[681/1188] Building CXX object src/drivers/uavcan/m2006_can/CMakeFiles/drivers__m2006_can.dir/M2006Can.cpp.obj
[682/1188] Building CXX object src/modules/commander/CMakeFiles/modules__commander.dir/gyro_calibration.cpp.obj
[683/1188] Building CXX object src/modules/commander/CMakeFiles/modules__commander.dir/accelerometer_calibration.cpp.obj
[684/1188] Building CXX object src/modules/commander/CMakeFiles/modules__commander.dir/esc_calibration.cpp.obj
[685/1188] Building CXX object src/modules/commander/CMakeFiles/modules__commander.dir/factory_calibration_storage.cpp.obj
[686/1188] Building CXX object src/modules/commander/CMakeFiles/modules__commander.dir/calibration_routines.cpp.obj
[687/1188] Building CXX object src/modules/commander/CMakeFiles/modules__commander.dir/ModeManagement.cpp.obj
[688/1188] Building CXX object src/modules/commander/CMakeFiles/modules__commander.dir/worker_thread.cpp.obj
[689/1188] Building CXX object src/modules/commander/CMakeFiles/modules__commander.dir/Commander.cpp.obj
[690/1188] Building CXX object src/modules/commander/Arming/ArmAuthorization/CMakeFiles/ArmAuthorization.dir/ArmAuthorization.cpp.obj
[691/1188] Building CXX object src/modules/commander/CMakeFiles/modules__commander.dir/Safety.cpp.obj
[692/1188] Building CXX object src/modules/commander/CMakeFiles/modules__commander.dir/rc_calibration.cpp.obj
[693/1188] Building CXX object src/modules/commander/failsafe/CMakeFiles/failsafe.dir/failsafe.cpp.obj
[694/1188] Building CXX object src/modules/commander/failsafe/CMakeFiles/failsafe.dir/framework.cpp.obj
[695/1188] Building CXX object src/modules/commander/CMakeFiles/modules__commander.dir/lm_fit.cpp.obj
[696/1188] Building CXX object src/modules/commander/CMakeFiles/modules__commander.dir/UserModeIntention.cpp.obj
[697/1188] Building CXX object src/modules/commander/CMakeFiles/modules__commander.dir/level_calibration.cpp.obj
[698/1188] Building CXX object src/modules/commander/HealthAndArmingChecks/CMakeFiles/health_and_arming_checks.dir/checks/airspeedCheck.cpp.obj
[699/1188] Building CXX object src/modules/commander/HealthAndArmingChecks/CMakeFiles/health_and_arming_checks.dir/Common.cpp.obj
[700/1188] Building CXX object src/drivers/uavcan/CMakeFiles/drivers__uavcan.dir/uavcan_main.cpp.obj
[701/1188] Building CXX object src/modules/commander/HealthAndArmingChecks/CMakeFiles/health_and_arming_checks.dir/checks/armPermissionCheck.cpp.obj
[702/1188] Building CXX object src/modules/commander/HealthAndArmingChecks/CMakeFiles/health_and_arming_checks.dir/checks/accelerometerCheck.cpp.obj
[703/1188] Building CXX object src/modules/commander/HealthAndArmingChecks/CMakeFiles/health_and_arming_checks.dir/checks/baroCheck.cpp.obj
[704/1188] Building CXX object src/modules/commander/HealthAndArmingChecks/CMakeFiles/health_and_arming_checks.dir/checks/failureDetectorCheck.cpp.obj
[705/1188] Building CXX object src/modules/commander/HealthAndArmingChecks/CMakeFiles/health_and_arming_checks.dir/checks/opticalFlowCheck.cpp.obj
[706/1188] Building CXX object src/modules/commander/failure_detector/CMakeFiles/failure_detector.dir/FailureDetector.cpp.obj
[707/1188] Building CXX object src/modules/commander/HealthAndArmingChecks/CMakeFiles/health_and_arming_checks.dir/checks/flightTimeCheck.cpp.obj
[708/1188] Building CXX object src/modules/commander/CMakeFiles/modules__commander.dir/mag_calibration.cpp.obj
[709/1188] Building CXX object src/modules/commander/HealthAndArmingChecks/CMakeFiles/health_and_arming_checks.dir/checks/distanceSensorChecks.cpp.obj
[710/1188] Building CXX object src/modules/commander/HealthAndArmingChecks/CMakeFiles/health_and_arming_checks.dir/checks/cpuResourceCheck.cpp.obj
[711/1188] Building CXX object src/modules/commander/HealthAndArmingChecks/CMakeFiles/health_and_arming_checks.dir/checks/batteryCheck.cpp.obj
[712/1188] Building CXX object src/modules/commander/HealthAndArmingChecks/CMakeFiles/health_and_arming_checks.dir/checks/escCheck.cpp.obj
[713/1188] Building CXX object src/modules/commander/HealthAndArmingChecks/CMakeFiles/health_and_arming_checks.dir/checks/geofenceCheck.cpp.obj
[714/1188] Building CXX object src/modules/commander/HealthAndArmingChecks/CMakeFiles/health_and_arming_checks.dir/HealthAndArmingChecks.cpp.obj
[715/1188] Building CXX object src/modules/commander/HealthAndArmingChecks/CMakeFiles/health_and_arming_checks.dir/checks/homePositionCheck.cpp.obj
[716/1188] Building CXX object src/modules/commander/HealthAndArmingChecks/CMakeFiles/health_and_arming_checks.dir/checks/imuConsistencyCheck.cpp.obj
[717/1188] Building CXX object src/modules/commander/HealthAndArmingChecks/CMakeFiles/health_and_arming_checks.dir/checks/gyroCheck.cpp.obj
[718/1188] Building CXX object src/modules/commander/HealthAndArmingChecks/CMakeFiles/health_and_arming_checks.dir/checks/manualControlCheck.cpp.obj
[719/1188] Building CXX object src/modules/commander/HealthAndArmingChecks/CMakeFiles/health_and_arming_checks.dir/checks/loggerCheck.cpp.obj
[720/1188] Building CXX object src/modules/commander/HealthAndArmingChecks/CMakeFiles/health_and_arming_checks.dir/checks/magnetometerCheck.cpp.obj
[721/1188] Building CXX object src/modules/commander/HealthAndArmingChecks/CMakeFiles/health_and_arming_checks.dir/checks/modeCheck.cpp.obj
[722/1188] Building CXX object src/modules/commander/HealthAndArmingChecks/CMakeFiles/health_and_arming_checks.dir/checks/openDroneIDCheck.cpp.obj
[723/1188] Building CXX object src/modules/commander/HealthAndArmingChecks/CMakeFiles/health_and_arming_checks.dir/checks/parachuteCheck.cpp.obj
[724/1188] Building CXX object src/modules/commander/HealthAndArmingChecks/CMakeFiles/health_and_arming_checks.dir/checks/estimatorCheck.cpp.obj
[725/1188] Building CXX object src/modules/commander/HealthAndArmingChecks/CMakeFiles/health_and_arming_checks.dir/checks/navigatorCheck.cpp.obj
[726/1188] Building CXX object src/modules/commander/HealthAndArmingChecks/CMakeFiles/health_and_arming_checks.dir/checks/powerCheck.cpp.obj
[727/1188] Building CXX object src/modules/commander/HealthAndArmingChecks/CMakeFiles/health_and_arming_checks.dir/checks/rcAndDataLinkCheck.cpp.obj
[728/1188] Building CXX object src/modules/commander/HealthAndArmingChecks/CMakeFiles/health_and_arming_checks.dir/checks/sdcardCheck.cpp.obj
[729/1188] Building CXX object src/modules/commander/MulticopterThrowLaunch/CMakeFiles/MulticopterThrowLaunch.dir/MulticopterThrowLaunch.cpp.obj
[730/1188] Building CXX object src/modules/commander/HealthAndArmingChecks/CMakeFiles/health_and_arming_checks.dir/checks/vtolCheck.cpp.obj
[731/1188] Building CXX object src/modules/commander/HealthAndArmingChecks/CMakeFiles/health_and_arming_checks.dir/checks/windCheck.cpp.obj
[732/1188] Building CXX object src/modules/commander/HealthAndArmingChecks/CMakeFiles/health_and_arming_checks.dir/checks/offboardCheck.cpp.obj
[733/1188] Building CXX object src/modules/commander/HealthAndArmingChecks/CMakeFiles/health_and_arming_checks.dir/checks/rcCalibrationCheck.cpp.obj
[734/1188] Building CXX object src/modules/commander/HealthAndArmingChecks/CMakeFiles/health_and_arming_checks.dir/checks/hybridCheck.cpp.obj
[735/1188] Building CXX object src/modules/commander/HealthAndArmingChecks/CMakeFiles/health_and_arming_checks.dir/checks/systemCheck.cpp.obj
[736/1188] Building CXX object src/modules/commander/HealthAndArmingChecks/CMakeFiles/health_and_arming_checks.dir/checks/missionCheck.cpp.obj
[737/1188] Building CXX object src/modules/commander/HealthAndArmingChecks/CMakeFiles/health_and_arming_checks.dir/checks/externalChecks.cpp.obj
[738/1188] Building CXX object src/modules/control_allocator/VehicleActuatorEffectiveness/CMakeFiles/VehicleActuatorEffectiveness.dir/ActuatorEffectivenessCustom.cpp.obj
[739/1188] Building CXX object src/modules/control_allocator/VehicleActuatorEffectiveness/CMakeFiles/VehicleActuatorEffectiveness.dir/ActuatorEffectivenessMultirotor.cpp.obj
[740/1188] Building CXX object src/modules/control_allocator/VehicleActuatorEffectiveness/CMakeFiles/VehicleActuatorEffectiveness.dir/ActuatorEffectivenessFixedWing.cpp.obj
[741/1188] Building CXX object src/modules/control_allocator/VehicleActuatorEffectiveness/CMakeFiles/VehicleActuatorEffectiveness.dir/ActuatorEffectivenessUUV.cpp.obj
[742/1188] Building CXX object src/modules/control_allocator/VehicleActuatorEffectiveness/CMakeFiles/VehicleActuatorEffectiveness.dir/ActuatorEffectivenessHelicopter.cpp.obj
[743/1188] Building CXX object src/modules/control_allocator/VehicleActuatorEffectiveness/CMakeFiles/VehicleActuatorEffectiveness.dir/ActuatorEffectivenessControlSurfaces.cpp.obj
[744/1188] Building CXX object src/modules/control_allocator/VehicleActuatorEffectiveness/CMakeFiles/VehicleActuatorEffectiveness.dir/ActuatorEffectivenessStandardVTOL.cpp.obj
[745/1188] Building CXX object src/modules/control_allocator/VehicleActuatorEffectiveness/CMakeFiles/VehicleActuatorEffectiveness.dir/ActuatorEffectivenessHelicopterCoaxial.cpp.obj
[746/1188] Building CXX object src/modules/control_allocator/VehicleActuatorEffectiveness/CMakeFiles/VehicleActuatorEffectiveness.dir/ActuatorEffectivenessRoverAckermann.cpp.obj
[747/1188] Building CXX object src/modules/control_allocator/VehicleActuatorEffectiveness/CMakeFiles/VehicleActuatorEffectiveness.dir/ActuatorEffectivenessTilts.cpp.obj
[748/1188] Building CXX object src/modules/control_allocator/VehicleActuatorEffectiveness/CMakeFiles/VehicleActuatorEffectiveness.dir/ActuatorEffectivenessMCTilt.cpp.obj
[749/1188] Building CXX object src/modules/control_allocator/VehicleActuatorEffectiveness/CMakeFiles/VehicleActuatorEffectiveness.dir/ActuatorEffectivenessRotors.cpp.obj
[750/1188] Building CXX object src/modules/control_allocator/VehicleActuatorEffectiveness/CMakeFiles/VehicleActuatorEffectiveness.dir/ActuatorEffectivenessTiltrotorVTOL.cpp.obj
[751/1188] Building CXX object src/modules/control_allocator/VehicleActuatorEffectiveness/CMakeFiles/VehicleActuatorEffectiveness.dir/RpmControl.cpp.obj
[752/1188] Building CXX object src/modules/control_allocator/VehicleActuatorEffectiveness/CMakeFiles/VehicleActuatorEffectiveness.dir/ActuatorEffectivenessTailsitterVTOL.cpp.obj
[753/1188] Building CXX object src/modules/dataman/CMakeFiles/modules__dataman.dir/dataman.cpp.obj
[754/1188] Building CXX object src/modules/ekf2/CMakeFiles/modules__ekf2_original.dir/EKF/control.cpp.obj
[755/1188] Building CXX object src/modules/control_allocator/CMakeFiles/modules__control_allocator.dir/ControlAllocator.cpp.obj
[756/1188] Building CXX object src/modules/ekf2/CMakeFiles/modules__ekf2_original.dir/EKF/velocity_fusion.cpp.obj
[757/1188] Building CXX object src/modules/ekf2/CMakeFiles/modules__ekf2_original.dir/EKF/imu_down_sampler/imu_down_sampler.cpp.obj
[758/1188] Building CXX object src/modules/ekf2/CMakeFiles/modules__ekf2_original.dir/EKF/height_control.cpp.obj
[759/1188] Building CXX object src/modules/ekf2/CMakeFiles/modules__ekf2_original.dir/EKF/position_fusion.cpp.obj
[760/1188] Building CXX object src/modules/ekf2/CMakeFiles/modules__ekf2_original.dir/EKF/aid_sources/fake_height_control.cpp.obj
[761/1188] Building CXX object src/modules/ekf2/CMakeFiles/modules__ekf2_original.dir/EKF/yaw_fusion.cpp.obj
[762/1188] Building CXX object src/modules/ekf2/CMakeFiles/modules__ekf2_original.dir/EKF/aid_sources/ZeroGyroUpdate.cpp.obj
[763/1188] Building CXX object src/modules/ekf2/CMakeFiles/modules__ekf2_original.dir/EKF/aid_sources/fake_pos_control.cpp.obj
[764/1188] Building CXX object src/modules/ekf2/CMakeFiles/modules__ekf2_original.dir/EKF/estimator_interface.cpp.obj
[765/1188] Building CXX object src/modules/ekf2/CMakeFiles/modules__ekf2_original.dir/EKF/aid_sources/ZeroVelocityUpdate.cpp.obj
[766/1188] Building CXX object src/modules/ekf2/CMakeFiles/modules__ekf2_original.dir/EKF/aid_sources/zero_innovation_heading_update.cpp.obj
[767/1188] Building CXX object src/modules/ekf2/CMakeFiles/modules__ekf2_original.dir/EKF/aid_sources/auxvel/auxvel_fusion.cpp.obj
[768/1188] Building CXX object src/modules/ekf2/CMakeFiles/modules__ekf2_original.dir/EKF/ekf_helper.cpp.obj
[769/1188] Building CXX object src/modules/ekf2/CMakeFiles/modules__ekf2_original.dir/EKF/aid_sources/aux_global_position/aux_global_position.cpp.obj
[770/1188] Building CXX object src/modules/ekf2/CMakeFiles/modules__ekf2_original.dir/EKF/aid_sources/airspeed/airspeed_fusion.cpp.obj
[771/1188] Building CXX object src/modules/ekf2/CMakeFiles/modules__ekf2_original.dir/EKF/aid_sources/barometer/baro_height_control.cpp.obj
[772/1188] Building CXX object src/modules/ekf2/CMakeFiles/modules__ekf2_original.dir/EKF/ekf.cpp.obj
[773/1188] Building CXX object src/modules/ekf2/CMakeFiles/modules__ekf2_original.dir/EKF/aid_sources/external_vision/ev_yaw_control.cpp.obj
[774/1188] Building CXX object src/modules/ekf2/CMakeFiles/modules__ekf2_original.dir/EKF/aid_sources/drag/drag_fusion.cpp.obj
[775/1188] Building CXX object src/modules/ekf2/CMakeFiles/modules__ekf2_original.dir/EKF/aid_sources/external_vision/ev_height_control.cpp.obj
[776/1188] Building CXX object src/modules/ekf2/CMakeFiles/modules__ekf2_original.dir/EKF/aid_sources/gnss/gnss_height_control.cpp.obj
[777/1188] Building CXX object src/modules/ekf2/CMakeFiles/modules__ekf2_original.dir/EKF/covariance.cpp.obj
[778/1188] Building CXX object src/modules/ekf2/CMakeFiles/modules__ekf2_original.dir/EKF/aid_sources/gnss/gps_checks.cpp.obj
[779/1188] Building CXX object src/modules/ekf2/CMakeFiles/modules__ekf2_original.dir/EKF/aid_sources/gnss/gnss_yaw_control.cpp.obj
[780/1188] Building CXX object src/modules/ekf2/CMakeFiles/modules__ekf2_original.dir/EKF/aid_sources/range_finder/range_finder_consistency_check.cpp.obj
[781/1188] Building CXX object src/modules/ekf2/CMakeFiles/modules__ekf2_original.dir/EKF/aid_sources/external_vision/ev_vel_control.cpp.obj
[782/1188] Building CXX object src/modules/ekf2/CMakeFiles/modules__ekf2_original.dir/EKF/aid_sources/external_vision/ev_control.cpp.obj
[783/1188] Building CXX object src/modules/ekf2/CMakeFiles/modules__ekf2_original.dir/EKF/aid_sources/external_vision/ev_pos_control.cpp.obj
[784/1188] Building CXX object src/modules/ekf2/CMakeFiles/modules__ekf2_original.dir/EKF/aid_sources/gravity/gravity_fusion.cpp.obj
[785/1188] Building CXX object src/modules/ekf2/CMakeFiles/modules__ekf2_original.dir/EKF/aid_sources/range_finder/sensor_range_finder.cpp.obj
[786/1188] Building CXX object src/modules/ekf2/CMakeFiles/modules__ekf2_original.dir/EKF/aid_sources/gnss/gps_control.cpp.obj
[787/1188] Building CXX object src/modules/ekf2/CMakeFiles/modules__ekf2_original.dir/EKF/aid_sources/range_finder/range_height_control.cpp.obj
[788/1188] Building CXX object src/modules/ekf2/CMakeFiles/modules__ekf2_original.dir/EKF/aid_sources/magnetometer/mag_fusion.cpp.obj
[789/1188] Building CXX object src/modules/ekf2/CMakeFiles/modules__ekf2_original.dir/EKF/aid_sources/range_finder/range_height_fusion.cpp.obj
[790/1188] Building CXX object src/modules/events/CMakeFiles/modules__events.dir/rc_loss_alarm.cpp.obj
[791/1188] Building CXX object src/modules/ekf2/CMakeFiles/modules__ekf2_original.dir/EKF/terrain_control.cpp.obj
[792/1188] Building CXX object src/modules/ekf2/CMakeFiles/modules__ekf2_original.dir/EKF/aid_sources/optical_flow/optical_flow_fusion.cpp.obj
[793/1188] Building CXX object src/modules/ekf2/CMakeFiles/modules__ekf2_original.dir/EKF/aid_sources/sideslip/sideslip_fusion.cpp.obj
[794/1188] Building CXX object src/modules/ekf2/CMakeFiles/modules__ekf2_original.dir/EKF/aid_sources/optical_flow/optical_flow_control.cpp.obj
[795/1188] Building CXX object src/modules/events/CMakeFiles/modules__events.dir/set_leds.cpp.obj
[796/1188] Building CXX object src/modules/ekf2/CMakeFiles/modules__ekf2_original.dir/EKF/wind.cpp.obj
[797/1188] Building CXX object src/modules/events/CMakeFiles/modules__events.dir/status_display.cpp.obj
[798/1188] Building CXX object src/modules/ekf2/CMakeFiles/modules__ekf2_original.dir/EKF/aid_sources/magnetometer/mag_control.cpp.obj
[799/1188] Building CXX object src/modules/events/CMakeFiles/modules__events.dir/send_event.cpp.obj
[800/1188] Building CXX object src/modules/esc_battery/CMakeFiles/modules__esc_battery.dir/EscBattery.cpp.obj
[801/1188] Building CXX object src/modules/flight_mode_manager/tasks/Utility/CMakeFiles/FlightTaskUtility.dir/Sticks.cpp.obj
[802/1188] Building CXX object src/modules/flight_mode_manager/tasks/FlightTask/CMakeFiles/FlightTask.dir/FlightTask.cpp.obj
[803/1188] Building CXX object src/modules/flight_mode_manager/tasks/Utility/CMakeFiles/FlightTaskUtility.dir/StickTiltXY.cpp.obj
[804/1188] Building CXX object src/modules/flight_mode_manager/tasks/Utility/CMakeFiles/FlightTaskUtility.dir/Gimbal.cpp.obj
[805/1188] Building CXX object src/modules/flight_mode_manager/CMakeFiles/modules__flight_mode_manager.dir/FlightTasks_generated.cpp.obj
[806/1188] Building CXX object src/modules/flight_mode_manager/tasks/Descend/CMakeFiles/FlightTaskDescend.dir/FlightTaskDescend.cpp.obj
[807/1188] Building CXX object src/modules/flight_mode_manager/tasks/Utility/CMakeFiles/FlightTaskUtility.dir/StickAccelerationXY.cpp.obj
[808/1188] Building CXX object src/modules/flight_mode_manager/tasks/Failsafe/CMakeFiles/FlightTaskFailsafe.dir/FlightTaskFailsafe.cpp.obj
[809/1188] Building CXX object src/modules/flight_mode_manager/CMakeFiles/modules__flight_mode_manager.dir/FlightModeManager.cpp.obj
[810/1188] Building CXX object src/modules/flight_mode_manager/tasks/ManualAcceleration/CMakeFiles/FlightTaskManualAcceleration.dir/FlightTaskManualAcceleration.cpp.obj
[811/1188] Building CXX object src/modules/gimbal/CMakeFiles/drivers__gimbal.dir/input.cpp.obj
[812/1188] Building CXX object src/modules/flight_mode_manager/tasks/ManualAltitudeSmoothVel/CMakeFiles/FlightTaskManualAltitudeSmoothVel.dir/FlightTaskManualAltitudeSmoothVel.cpp.obj
[813/1188] Building CXX object src/modules/flight_mode_manager/tasks/ManualAltitude/CMakeFiles/FlightTaskManualAltitude.dir/FlightTaskManualAltitude.cpp.obj
[814/1188] Building CXX object src/modules/flight_mode_manager/tasks/ManualAccelerationSlow/CMakeFiles/FlightTaskManualAccelerationSlow.dir/FlightTaskManualAccelerationSlow.cpp.obj
[815/1188] Building CXX object src/modules/ekf2/CMakeFiles/modules__ekf2_original.dir/EKF2Selector.cpp.obj
[816/1188] Building CXX object src/modules/flight_mode_manager/tasks/Auto/CMakeFiles/FlightTaskAuto.dir/FlightTaskAuto.cpp.obj
[817/1188] Building CXX object src/modules/gimbal/CMakeFiles/drivers__gimbal.dir/input_rc.cpp.obj
[818/1188] Building CXX object src/modules/flight_mode_manager/tasks/Transition/CMakeFiles/FlightTaskTransition.dir/FlightTaskTransition.cpp.obj
[819/1188] Building CXX object src/modules/gimbal/CMakeFiles/drivers__gimbal.dir/input_test.cpp.obj
[820/1188] Building CXX object src/modules/flight_mode_manager/tasks/ManualPosition/CMakeFiles/FlightTaskManualPosition.dir/FlightTaskManualPosition.cpp.obj
[821/1188] Building CXX object src/modules/gimbal/CMakeFiles/drivers__gimbal.dir/output_mavlink.cpp.obj
[822/1188] Building CXX object src/modules/gimbal/CMakeFiles/drivers__gimbal.dir/output_rc.cpp.obj
[823/1188] Building CXX object src/modules/gimbal/CMakeFiles/drivers__gimbal.dir/output.cpp.obj
[824/1188] Building CXX object src/modules/gimbal/CMakeFiles/drivers__gimbal.dir/input_mavlink.cpp.obj
[825/1188] Building CXX object src/modules/flight_mode_manager/tasks/AutoFollowTarget/follow_target_estimator/CMakeFiles/follow_target_estimator.dir/TargetEstimator.cpp.obj
[826/1188] Building CXX object src/modules/gimbal/CMakeFiles/drivers__gimbal.dir/gimbal.cpp.obj
[827/1188] Building CXX object src/modules/land_detector/CMakeFiles/modules__land_detector.dir/land_detector_main.cpp.obj
[828/1188] Building CXX object src/modules/flight_mode_manager/tasks/Orbit/CMakeFiles/FlightTaskOrbit.dir/FlightTaskOrbit.cpp.obj
[829/1188] Building CXX object src/modules/flight_mode_manager/tasks/AutoFollowTarget/CMakeFiles/FlightTaskAutoFollowTarget.dir/FlightTaskAutoFollowTarget.cpp.obj
[830/1188] Building CXX object src/modules/land_detector/CMakeFiles/modules__land_detector.dir/LandDetector.cpp.obj
[831/1188] Building CXX object src/modules/land_detector/CMakeFiles/modules__land_detector.dir/RoverLandDetector.cpp.obj
[832/1188] Building CXX object src/modules/land_detector/CMakeFiles/modules__land_detector.dir/AirshipLandDetector.cpp.obj
[833/1188] Building CXX object src/modules/land_detector/CMakeFiles/modules__land_detector.dir/FixedwingLandDetector.cpp.obj
[834/1188] Building CXX object src/modules/land_detector/CMakeFiles/modules__land_detector.dir/VtolLandDetector.cpp.obj
[835/1188] Building CXX object src/modules/gyro_calibration/CMakeFiles/modules__gyro_calibration.dir/GyroCalibration.cpp.obj
[836/1188] Building CXX object src/modules/land_detector/CMakeFiles/modules__land_detector.dir/MulticopterLandDetector.cpp.obj
[837/1188] Building CXX object src/modules/logger/CMakeFiles/modules__logger.dir/log_writer.cpp.obj
[838/1188] Building CXX object src/modules/manual_control/CMakeFiles/modules__manual_control.dir/ManualControlSelector.cpp.obj
[839/1188] Building CXX object src/modules/logger/CMakeFiles/modules__logger.dir/watchdog.cpp.obj
[840/1188] Building CXX object src/modules/logger/CMakeFiles/modules__logger.dir/logged_topics.cpp.obj
[841/1188] Building CXX object src/modules/load_mon/CMakeFiles/modules__load_mon.dir/LoadMon.cpp.obj
[842/1188] Building CXX object src/modules/logger/CMakeFiles/modules__logger.dir/util.cpp.obj
[843/1188] Building CXX object src/modules/logger/CMakeFiles/modules__logger.dir/log_writer_mavlink.cpp.obj
[844/1188] Building CXX object src/modules/logger/CMakeFiles/modules__logger.dir/log_writer_file.cpp.obj
[845/1188] Building CXX object src/modules/hybrid_vehicle_control/CMakeFiles/modules__hybrid_vehicle_control.dir/hybrid_vehicle_control.cpp.obj
[846/1188] Building CXX object src/modules/mag_bias_estimator/CMakeFiles/modules__mag_bias_estimator.dir/MagBiasEstimator.cpp.obj
[847/1188] Building CXX object src/modules/mavlink/CMakeFiles/modules__mavlink_original.dir/mavlink_rate_limiter.cpp.obj
[848/1188] Building CXX object src/modules/manual_control/CMakeFiles/modules__manual_control.dir/ManualControl.cpp.obj
[849/1188] Building CXX object src/modules/mavlink/CMakeFiles/modules__mavlink_original.dir/mavlink_shell.cpp.obj
[850/1188] Building CXX object src/modules/mavlink/CMakeFiles/modules__mavlink_original.dir/mavlink_simple_analyzer.cpp.obj
[851/1188] Building C object src/modules/mavlink/CMakeFiles/modules__mavlink_original.dir/mavlink.c.obj
[852/1188] Building CXX object src/modules/logger/CMakeFiles/modules__logger.dir/logger.cpp.obj
[853/1188] Building CXX object src/modules/mavlink/CMakeFiles/modules__mavlink_original.dir/mavlink_stream_config.cpp.obj
[854/1188] Building CXX object src/modules/mavlink/CMakeFiles/modules__mavlink_original.dir/mavlink_command_sender.cpp.obj
[855/1188] Building CXX object src/modules/mavlink/CMakeFiles/modules__mavlink_original.dir/mavlink_events.cpp.obj
[856/1188] Building CXX object src/modules/mavlink/CMakeFiles/modules__mavlink_original.dir/mavlink_log_handler.cpp.obj
[857/1188] Building CXX object src/modules/mavlink/CMakeFiles/modules__mavlink_original.dir/tune_publisher.cpp.obj
[858/1188] Building CXX object src/modules/mavlink/CMakeFiles/modules__mavlink_original.dir/mavlink_ftp.cpp.obj
[859/1188] Building CXX object src/modules/mavlink/CMakeFiles/modules__mavlink_original.dir/mavlink_parameters.cpp.obj
[860/1188] Building CXX object src/modules/ekf2/CMakeFiles/modules__ekf2_original.dir/EKF2.cpp.obj
[861/1188] Building CXX object src/modules/mavlink/CMakeFiles/modules__mavlink_original.dir/mavlink_mission.cpp.obj
[862/1188] Building CXX object src/modules/mavlink/CMakeFiles/modules__mavlink_original.dir/open_drone_id_translations.cpp.obj
[863/1188] Building CXX object src/modules/mc_hover_thrust_estimator/CMakeFiles/zero_order_hover_thrust_ekf.dir/zero_order_hover_thrust_ekf.cpp.obj
[864/1188] Building CXX object src/modules/mavlink/CMakeFiles/modules__mavlink_original.dir/mavlink_ulog.cpp.obj
[865/1188] Building CXX object src/modules/mavlink/CMakeFiles/modules__mavlink_original.dir/MavlinkStatustextHandler.cpp.obj
[866/1188] Building CXX object src/modules/mc_att_control/AttitudeControl/CMakeFiles/AttitudeControl.dir/AttitudeControl.cpp.obj
[867/1188] Building CXX object src/modules/mavlink/CMakeFiles/modules__mavlink_original.dir/mavlink_timesync.cpp.obj
[868/1188] Building CXX object src/modules/mc_pos_control/Takeoff/CMakeFiles/Takeoff.dir/Takeoff.cpp.obj
[869/1188] Building CXX object src/modules/mavlink/CMakeFiles/modules__mavlink_original.dir/mavlink_stream.cpp.obj
[870/1188] Building CXX object src/modules/mc_pos_control/GotoControl/CMakeFiles/GotoControl.dir/GotoControl.cpp.obj
[871/1188] Building CXX object src/modules/mc_pos_control/PositionControl/CMakeFiles/PositionControl.dir/ControlMath.cpp.obj
[872/1188] Building CXX object src/modules/mc_pos_control/PositionControl/CMakeFiles/PositionControl.dir/PositionControl.cpp.obj
[873/1188] Building CXX object src/modules/mc_hover_thrust_estimator/CMakeFiles/modules__mc_hover_thrust_estimator.dir/MulticopterHoverThrustEstimator.cpp.obj
[874/1188] Building CXX object src/modules/mc_autotune_attitude_control/CMakeFiles/mc_autotune_attitude_control.dir/mc_autotune_attitude_control.cpp.obj
[875/1188] Building CXX object src/modules/mavlink/CMakeFiles/modules__mavlink_original.dir/mavlink_main.cpp.obj
[876/1188] Building CXX object src/modules/mc_att_control/CMakeFiles/modules__mc_att_control.dir/mc_att_control_main.cpp.obj
[877/1188] Building CXX object src/modules/navigator/CMakeFiles/modules__navigator.dir/navigator_mode.cpp.obj
[878/1188] Building CXX object src/modules/navigator/CMakeFiles/modules__navigator.dir/loiter.cpp.obj
[879/1188] Building CXX object src/modules/navigator/CMakeFiles/modules__navigator.dir/mission.cpp.obj
[880/1188] Building CXX object src/modules/mc_rate_control/CMakeFiles/modules__mc_rate_control.dir/MulticopterRateControl.cpp.obj
[881/1188] Building CXX object src/modules/navigator/CMakeFiles/modules__navigator.dir/mission_block.cpp.obj
[882/1188] Building CXX object src/modules/navigator/CMakeFiles/modules__navigator.dir/rtl_direct_mission_land.cpp.obj
[883/1188] Building CXX object src/modules/navigator/CMakeFiles/modules__navigator.dir/mission_base.cpp.obj
[884/1188] Building CXX object src/modules/navigator/CMakeFiles/modules__navigator.dir/rtl_direct.cpp.obj
[885/1188] Building CXX object src/modules/mavlink/CMakeFiles/modules__mavlink_original.dir/mavlink_receiver.cpp.obj
[886/1188] Building CXX object src/modules/navigator/CMakeFiles/modules__navigator.dir/rtl_mission_fast.cpp.obj
[887/1188] Building CXX object src/modules/navigator/CMakeFiles/modules__navigator.dir/navigator_main.cpp.obj
[888/1188] Building CXX object src/modules/navigator/CMakeFiles/modules__navigator.dir/takeoff.cpp.obj
[889/1188] Building CXX object src/modules/navigator/CMakeFiles/modules__navigator.dir/rtl.cpp.obj
[890/1188] Building CXX object src/modules/navigator/CMakeFiles/modules__navigator.dir/land.cpp.obj
[891/1188] Building CXX object src/modules/mc_pos_control/CMakeFiles/modules__mc_pos_control.dir/MulticopterPositionControl.cpp.obj
[892/1188] Building CXX object src/modules/navigator/CMakeFiles/modules__navigator.dir/mission_feasibility_checker.cpp.obj
[893/1188] Building CXX object src/modules/navigator/CMakeFiles/modules__navigator.dir/rtl_mission_fast_reverse.cpp.obj
[894/1188] Building CXX object src/modules/navigator/CMakeFiles/modules__navigator.dir/vtol_takeoff.cpp.obj
[895/1188] Building CXX object src/modules/navigator/GeofenceBreachAvoidance/CMakeFiles/geofence_breach_avoidance.dir/geofence_breach_avoidance.cpp.obj
[896/1188] Building CXX object src/modules/navigator/CMakeFiles/modules__navigator.dir/precland.cpp.obj
[897/1188] Building CXX object src/modules/navigator/MissionFeasibility/CMakeFiles/mission_feasibility_checker.dir/FeasibilityChecker.cpp.obj
[898/1188] Performing build step for 'libmicroxrceddsclient_project'
[899/1188] Building CXX object src/modules/rover_differential/DifferentialAttControl/CMakeFiles/DifferentialAttControl.dir/DifferentialAttControl.cpp.obj
[900/1188] Building CXX object src/modules/rover_differential/CMakeFiles/modules__rover_differential.dir/RoverDifferential.cpp.obj
[901/1188] Building CXX object src/modules/sensors/data_validator/CMakeFiles/data_validator.dir/DataValidator.cpp.obj
[902/1188] Building CXX object src/modules/navigator/CMakeFiles/modules__navigator.dir/geofence.cpp.obj
[903/1188] Building CXX object src/modules/rover_differential/DifferentialRateControl/CMakeFiles/DifferentialRateControl.dir/DifferentialRateControl.cpp.obj
[904/1188] Building CXX object src/modules/rover_differential/DifferentialVelControl/CMakeFiles/DifferentialVelControl.dir/DifferentialVelControl.cpp.obj
[905/1188] Building CXX object src/modules/sensors/data_validator/CMakeFiles/data_validator.dir/DataValidatorGroup.cpp.obj
[906/1188] Building CXX object src/modules/rc_update/CMakeFiles/modules__rc_update.dir/rc_update.cpp.obj
[907/1188] Building CXX object src/modules/rover_differential/DifferentialPosControl/CMakeFiles/DifferentialPosControl.dir/DifferentialPosControl.cpp.obj
[908/1188] Building CXX object src/modules/sensors/CMakeFiles/modules__sensors.dir/voted_sensors_update.cpp.obj
[909/1188] Building CXX object src/modules/rover_pos_control/CMakeFiles/modules__rover_pos_control.dir/RoverPositionControl.cpp.obj
[910/1188] Building CXX object src/modules/sensors/vehicle_gps_position/CMakeFiles/vehicle_gps_position.dir/gps_blending.cpp.obj
[911/1188] Building CXX object src/modules/sensors/vehicle_gps_position/CMakeFiles/vehicle_gps_position.dir/VehicleGPSPosition.cpp.obj
[912/1188] Building CXX object src/modules/sensors/vehicle_air_data/CMakeFiles/vehicle_air_data.dir/VehicleAirData.cpp.obj
[913/1188] Building CXX object src/modules/sensors/CMakeFiles/modules__sensors.dir/sensors.cpp.obj
[914/1188] Performing install step for 'libmicroxrceddsclient_project'
[915/1188] Building CXX object src/modules/sensors/vehicle_acceleration/CMakeFiles/vehicle_acceleration.dir/VehicleAcceleration.cpp.obj
[916/1188] Building CXX object src/modules/temperature_compensation/CMakeFiles/modules__temperature_compensation.dir/TemperatureCompensation.cpp.obj
[917/1188] Completed 'libmicroxrceddsclient_project'
[918/1188] Building CXX object src/modules/temperature_compensation/CMakeFiles/modules__temperature_compensation.dir/temperature_calibration/accel.cpp.obj
[919/1188] Building CXX object src/modules/temperature_compensation/CMakeFiles/modules__temperature_compensation.dir/TemperatureCompensationModule.cpp.obj
[920/1188] Building CXX object src/modules/temperature_compensation/CMakeFiles/modules__temperature_compensation.dir/temperature_calibration/gyro.cpp.obj
[921/1188] Building CXX object src/modules/temperature_compensation/CMakeFiles/modules__temperature_compensation.dir/temperature_calibration/baro.cpp.obj
[922/1188] Building CXX object src/modules/temperature_compensation/CMakeFiles/modules__temperature_compensation.dir/temperature_calibration/task.cpp.obj
[923/1188] Building CXX object src/systemcmds/bsondump/CMakeFiles/systemcmds__bsondump.dir/bsondump.cpp.obj
[924/1188] Building CXX object src/systemcmds/actuator_test/CMakeFiles/systemcmds__actuator_test.dir/actuator_test.cpp.obj
[925/1188] Building CXX object src/modules/mavlink/CMakeFiles/modules__mavlink_original.dir/mavlink_messages.cpp.obj
[926/1188] Building CXX object src/modules/uxrce_dds_client/CMakeFiles/modules__uxrce_dds_client.dir/srv_base.cpp.obj
[927/1188] Building CXX object src/modules/temperature_compensation/CMakeFiles/modules__temperature_compensation.dir/temperature_calibration/mag.cpp.obj
[928/1188] Building CXX object src/systemcmds/dmesg/CMakeFiles/systemcmds__dmesg.dir/dmesg.cpp.obj
[929/1188] Building CXX object src/systemcmds/gpio/CMakeFiles/systemcmds__gpio.dir/gpio.cpp.obj
[930/1188] Building CXX object src/systemcmds/i2cdetect/CMakeFiles/systemcmds__i2cdetect.dir/i2cdetect.cpp.obj
[931/1188] Building CXX object src/modules/sensors/vehicle_optical_flow/CMakeFiles/vehicle_optical_flow.dir/VehicleOpticalFlow.cpp.obj
[932/1188] Building CXX object src/systemcmds/mft/CMakeFiles/systemcmds__mft.dir/mft.cpp.obj
[933/1188] Building CXX object src/modules/uxrce_dds_client/CMakeFiles/modules__uxrce_dds_client.dir/vehicle_command_srv.cpp.obj
[934/1188] Building CXX object src/modules/sensors/vehicle_angular_velocity/CMakeFiles/vehicle_angular_velocity.dir/VehicleAngularVelocity.cpp.obj
[935/1188] Building CXX object src/systemcmds/led_control/CMakeFiles/systemcmds__led_control.dir/led_control.cpp.obj
[936/1188] Building CXX object src/modules/sensors/vehicle_magnetometer/CMakeFiles/vehicle_magnetometer.dir/VehicleMagnetometer.cpp.obj
[937/1188] Building CXX object src/systemcmds/mtd/CMakeFiles/systemcmds__mtd.dir/mtd.cpp.obj
[938/1188] Building C object src/systemcmds/hardfault_log/CMakeFiles/systemcmds__hardfault_log.dir/hardfault_log.c.obj
[939/1188] Building CXX object src/systemcmds/nshterm/CMakeFiles/systemcmds__nshterm.dir/nshterm.cpp.obj
[940/1188] Building CXX object src/systemcmds/perf/CMakeFiles/systemcmds__perf.dir/perf.cpp.obj
[941/1188] Building CXX object src/systemcmds/system_time/CMakeFiles/systemcmds__system_time.dir/system_time.cpp.obj
[942/1188] Building CXX object src/systemcmds/reboot/CMakeFiles/systemcmds__reboot.dir/reboot.cpp.obj
[943/1188] Building CXX object src/systemcmds/i2c_launcher/CMakeFiles/systemcmds__i2c_launcher.dir/i2c_launcher.cpp.obj
[944/1188] Building CXX object src/systemcmds/uorb/CMakeFiles/systemcmds__uorb.dir/uorb.cpp.obj
[945/1188] Building CXX object src/systemcmds/netman/CMakeFiles/modules__netman.dir/netman.cpp.obj
[946/1188] Building CXX object src/systemcmds/top/CMakeFiles/systemcmds__top.dir/top.cpp.obj
[947/1188] Building CXX object src/systemcmds/topic_listener/CMakeFiles/systemcmds__topic_listener.dir/listener_main.cpp.obj
[948/1188] Building CXX object src/systemcmds/work_queue/CMakeFiles/systemcmds__work_queue.dir/work_queue_main.cpp.obj
[949/1188] Building CXX object src/systemcmds/ver/CMakeFiles/systemcmds__ver.dir/ver.cpp.obj
[950/1188] Building CXX object src/modules/sensors/vehicle_imu/CMakeFiles/vehicle_imu.dir/VehicleIMU.cpp.obj
[951/1188] Building C object boards/zeroone/x6/src/CMakeFiles/drivers_board.dir/can.c.obj
[952/1188] Building C object boards/zeroone/x6/src/CMakeFiles/drivers_board.dir/init.c.obj
[953/1188] Building CXX object src/systemcmds/tune_control/CMakeFiles/systemcmds__tune_control.dir/tune_control.cpp.obj
[954/1188] Building CXX object boards/zeroone/x6/src/CMakeFiles/drivers_board.dir/i2c.cpp.obj
[955/1188] Building CXX object src/systemcmds/param/CMakeFiles/systemcmds__param.dir/param.cpp.obj
[956/1188] Building C object boards/zeroone/x6/src/CMakeFiles/drivers_board.dir/led.c.obj
[957/1188] Building CXX object boards/zeroone/x6/src/CMakeFiles/drivers_board.dir/mtd.cpp.obj
[958/1188] Building CXX object src/lib/parameters/CMakeFiles/parameters.dir/atomic_transaction.cpp.obj
[959/1188] Building CXX object boards/zeroone/x6/src/CMakeFiles/drivers_board.dir/timer_config.cpp.obj
[960/1188] Building CXX object src/lib/events/CMakeFiles/events.dir/events.cpp.obj
[961/1188] Building C object boards/zeroone/x6/src/CMakeFiles/drivers_board.dir/sdio.c.obj
[962/1188] Building C object boards/zeroone/x6/src/CMakeFiles/drivers_board.dir/usb.c.obj
[963/1188] Building CXX object boards/zeroone/x6/src/CMakeFiles/drivers_board.dir/spi.cpp.obj
[964/1188] Building CXX object src/lib/parameters/CMakeFiles/parameters.dir/param_translation.cpp.obj
[965/1188] Building CXX object src/lib/parameters/CMakeFiles/parameters.dir/autosave.cpp.obj
[966/1188] Building C object src/lib/parameters/flashparams/CMakeFiles/flashparams.dir/flashfs32.c.obj
[967/1188] Building CXX object src/lib/parameters/flashparams/CMakeFiles/flashparams.dir/flashparams.cpp.obj
[968/1188] Linking CXX static library src/lib/parameters/flashparams/libflashparams.a
[969/1188] Building CXX object src/lib/parameters/CMakeFiles/parameters.dir/parameters.cpp.obj
[970/1188] Linking CXX static library src/lib/parameters/libparameters.a
[971/1188] Linking CXX static library platforms/nuttx/src/px4/stm/stm32h7/board_hw_info/libarch_board_hw_info.a
[972/1188] Linking CXX static library boards/zeroone/x6/src/libdrivers_board.a
[973/1188] Linking CXX static library platforms/common/px4_work_queue/libpx4_work_queue.a
[974/1188] Linking CXX static library platforms/common/libpx4_platform.a
[975/1188] Linking C static library platforms/nuttx/src/px4/stm/stm32h7/version/libarch_version.a
[976/1188] Linking CXX static library platforms/nuttx/src/px4/stm/stm32h7/spi/libarch_spi.a
[977/1188] Linking CXX static library platforms/nuttx/src/px4/stm/stm32h7/io_pins/libarch_io_pins.a
[978/1188] Linking C static library platforms/nuttx/src/px4/stm/stm32h7/hrt/libarch_hrt.a
[979/1188] Linking CXX static library platforms/nuttx/src/px4/stm/stm32h7/board_reset/libarch_board_reset.a
[980/1188] Linking C static library platforms/nuttx/src/px4/stm/stm32h7/board_critmon/libarch_board_critmon.a
[981/1188] Linking CXX static library platforms/nuttx/src/px4/stm/stm32h7/adc/libarch_adc.a
[982/1188] Linking CXX static library platforms/nuttx/src/px4/common/libpx4_layer.a
[983/1188] Linking CXX static library src/lib/drivers/led/libdrivers__led.a
[984/1188] Linking CXX static library src/lib/drivers/device/libdrivers__device.a
[985/1188] Linking CXX static library src/lib/cdev/libcdev.a
[986/1188] Linking CXX static library src/lib/button/libbutton_publisher.a
[987/1188] Linking CXX static library src/lib/battery/libbattery.a
[988/1188] Linking CXX static library src/lib/adsb/libadsb.a
[989/1188] Linking CXX static library src/lib/drivers/rangefinder/libdrivers_rangefinder.a
[990/1188] Linking CXX static library src/lib/circuit_breaker/libcircuit_breaker.a
[991/1188] Linking CXX static library src/lib/conversion/libconversion.a
[992/1188] Linking CXX static library src/lib/dataman_client/libdataman_client.a
[993/1188] Linking CXX static library src/lib/hx8_servo/libhx8_protocol.a
[994/1188] Linking CXX static library src/lib/hysteresis/libhysteresis.a
[995/1188] Linking CXX static library src/lib/atmosphere/libatmosphere.a
[996/1188] Linking CXX static library src/lib/controllib/libcontrollib.a
[997/1188] Linking C static library src/lib/heatshrink/libheatshrink.a
[998/1188] Linking CXX static library src/lib/led/libled.a
[999/1188] Linking CXX static library src/lib/l1/libl1.a
[1000/1188] Linking CXX static library src/lib/hybrid_control/libhybrid_control.a
[1001/1188] Linking CXX static library src/lib/mathlib/libmathlib.a
[1002/1188] Linking CXX static library src/lib/hx8_servo/libhx8_controller.a
[1003/1188] Linking CXX static library src/lib/drivers/accelerometer/libdrivers_accelerometer.a
[1004/1188] Linking CXX static library src/lib/mixer_module/libmixer_module.a
[1005/1188] Linking CXX static library src/lib/airspeed/libairspeed.a
[1006/1188] Linking CXX static library src/lib/pid/libPID.a
[1007/1188] Linking CXX static library src/lib/drivers/gyroscope/libdrivers_gyroscope.a
[1008/1188] Linking CXX static library src/lib/rtl/librtl_time_estimator.a
[1009/1188] Linking CXX static library src/lib/drivers/magnetometer/libdrivers_magnetometer.a
[1010/1188] Linking CXX static library src/lib/pure_pursuit/libpure_pursuit.a
[1011/1188] Linking CXX static library src/lib/motion_planning/libmotion_planning.a
[1012/1188] Linking CXX static library src/lib/collision_prevention/libCollisionPrevention.a
[1013/1188] Linking CXX static library src/lib/ringbuffer/libringbuffer.a
[1014/1188] Linking CXX static library src/lib/sensor_calibration/libsensor_calibration.a
[1015/1188] Linking CXX static library src/lib/slew_rate/libSlewRate.a
[1016/1188] Linking CXX static library src/lib/rate_control/libRateControl.a
[1017/1188] Linking CXX static library src/lib/control_allocation/control_allocation/libControlAllocation.a
[1018/1188] Linking CXX static library src/lib/system_identification/libSystemIdentification.a
[1019/1188] Linking CXX static library src/lib/rover_control/librover_control.a
[1020/1188] Linking CXX static library src/lib/timesync/libtimesync.a
[1021/1188] Linking CXX static library src/lib/control_allocation/actuator_effectiveness/libActuatorEffectiveness.a
[1022/1188] Linking CXX static library src/lib/stick_yaw/libStickYaw.a
[1023/1188] Linking CXX static library src/lib/tunes/libtunes.a
[1024/1188] Linking CXX static library src/lib/systemlib/libsystemlib.a
[1025/1188] Linking CXX static library src/lib/weather_vane/libWeatherVane.a
[1026/1188] Linking CXX static library src/lib/variable_length_ringbuffer/libvariable_length_ringbuffer.a
[1027/1188] Linking CXX static library src/drivers/uavcan/libuavcan_can_ownership.a
[1028/1188] Linking CXX static library platforms/nuttx/src/px4/stm/stm32h7/tone_alarm/libarch_tone_alarm.a
[1029/1188] Linking C static library platforms/nuttx/src/px4/stm/stm32h7/dshot/libarch_dshot.a
[1030/1188] Linking CXX static library src/drivers/osd/msp_osd/MessageDisplay/libmessage_display.a
[1031/1188] Linking CXX static library src/modules/commander/Arming/ArmAuthorization/libArmAuthorization.a
[1032/1188] Linking CXX static library platforms/nuttx/src/px4/stm/stm32h7/px4io_serial/libarch_px4io_serial.a
[1033/1188] Linking CXX static library platforms/common/uORB/libuORB.a
[1034/1188] Linking CXX static library src/modules/commander/failsafe/libfailsafe.a
[1035/1188] Linking CXX static library src/modules/commander/MulticopterThrowLaunch/libMulticopterThrowLaunch.a
[1036/1188] Linking CXX static library src/modules/commander/failure_detector/libfailure_detector.a
[1037/1188] Linking CXX static library src/modules/flight_mode_manager/tasks/FlightTask/libFlightTask.a
[1038/1188] Linking CXX static library src/modules/flight_mode_manager/tasks/AutoFollowTarget/follow_target_estimator/libfollow_target_estimator.a
[1039/1188] Linking CXX static library src/modules/control_allocator/VehicleActuatorEffectiveness/libVehicleActuatorEffectiveness.a
[1040/1188] Linking CXX static library src/modules/mc_hover_thrust_estimator/libzero_order_hover_thrust_ekf.a
[1041/1188] Linking CXX static library src/modules/mc_att_control/AttitudeControl/libAttitudeControl.a
[1042/1188] Linking CXX static library src/modules/mc_pos_control/Takeoff/libTakeoff.a
[1043/1188] Linking CXX static library src/modules/commander/HealthAndArmingChecks/libhealth_and_arming_checks.a
[1044/1188] Linking CXX static library src/modules/mc_pos_control/GotoControl/libGotoControl.a
[1045/1188] Linking CXX static library src/modules/mc_pos_control/PositionControl/libPositionControl.a
[1046/1188] Linking CXX static library src/modules/navigator/GeofenceBreachAvoidance/libgeofence_breach_avoidance.a
[1047/1188] Linking CXX static library src/modules/rover_differential/DifferentialRateControl/libDifferentialRateControl.a
[1048/1188] Linking CXX static library src/modules/flight_mode_manager/tasks/Failsafe/libFlightTaskFailsafe.a
[1049/1188] Linking CXX static library src/modules/rover_differential/DifferentialVelControl/libDifferentialVelControl.a
[1050/1188] Linking CXX static library src/modules/rover_differential/DifferentialAttControl/libDifferentialAttControl.a
[1051/1188] Linking CXX static library src/modules/rover_differential/DifferentialPosControl/libDifferentialPosControl.a
[1052/1188] Linking CXX static library src/modules/flight_mode_manager/tasks/Utility/libFlightTaskUtility.a
[1053/1188] Linking CXX static library src/modules/mavlink/libmodules__mavlink_original.a
[1054/1188] Linking CXX static library src/modules/sensors/data_validator/libdata_validator.a
[1055/1188] Linking CXX static library src/modules/sensors/vehicle_acceleration/libvehicle_acceleration.a
[1056/1188] Linking CXX static library src/modules/sensors/vehicle_imu/libvehicle_imu.a
[1057/1188] Linking CXX static library src/modules/sensors/vehicle_optical_flow/libvehicle_optical_flow.a
[1058/1188] Linking CXX static library src/modules/sensors/vehicle_gps_position/libvehicle_gps_position.a
[1059/1188] Linking CXX static library src/modules/ekf2/libmodules__ekf2_original.a
[1060/1188] Linking CXX static library src/modules/sensors/vehicle_angular_velocity/libvehicle_angular_velocity.a
[1061/1188] Linking CXX static library src/lib/events/libevents.a
[1062/1188] Linking CXX static library src/modules/flight_mode_manager/tasks/Descend/libFlightTaskDescend.a
[1063/1188] Linking CXX static library src/modules/flight_mode_manager/tasks/Auto/libFlightTaskAuto.a
[1064/1188] Linking CXX static library src/modules/flight_mode_manager/tasks/ManualAltitude/libFlightTaskManualAltitude.a
[1065/1188] Linking CXX static library src/modules/flight_mode_manager/tasks/Transition/libFlightTaskTransition.a
[1066/1188] Linking CXX static library src/modules/sensors/vehicle_air_data/libvehicle_air_data.a
[1067/1188] Linking CXX static library src/modules/sensors/vehicle_magnetometer/libvehicle_magnetometer.a
[1068/1188] Linking CXX static library src/drivers/cdcacm_autostart/libdrivers__cdcacm_autostart.a
[1069/1188] Linking CXX static library src/drivers/differential_pressure/sdp3x/libdrivers__differential_pressure__sdp3x.a
[1070/1188] Linking CXX static library src/drivers/actuators/hx8_uart_servo/libdrivers__actuators__hx8_uart_servo.a
[1071/1188] Linking CXX static library src/drivers/adc/ads1115/libdrivers__ads1115.a
[1072/1188] Linking CXX static library src/drivers/adc/board_adc/libdrivers__board_adc.a
[1073/1188] Linking CXX static library src/drivers/barometer/invensense/icp201xx/libdrivers__invensense__icp201xx.a
[1074/1188] Linking CXX static library src/drivers/differential_pressure/ms4525do/libdrivers__differential_pressure__ms4525do.a
[1075/1188] Linking CXX static library src/drivers/distance_sensor/lightware_laser_i2c/libdrivers__distance_sensor__lightware_laser_i2c.a
[1076/1188] Linking CXX static library src/drivers/differential_pressure/ms5525dso/libdrivers__differential_pressure__ms5525dso.a
[1077/1188] Linking CXX static library src/drivers/distance_sensor/lightware_laser_serial/libdrivers__distance_sensor__lightware_laser_serial.a
[1078/1188] Linking CXX static library src/drivers/distance_sensor/teraranger/libdrivers__distance_sensor__teraranger.a
[1079/1188] Linking CXX static library src/drivers/distance_sensor/ll40ls/libdrivers__ll40ls.a
[1080/1188] Linking CXX static library src/drivers/distance_sensor/cm8jl65/libdrivers__cm8jl65.a
[1081/1188] Linking CXX static library src/drivers/distance_sensor/tf02pro/libdrivers__distance_sensor__tf02pro.a
[1082/1188] Linking CXX static library src/drivers/distance_sensor/tfmini/libdrivers__tfmini.a
[1083/1188] Linking CXX static library src/drivers/distance_sensor/ulanding_radar/libdrivers__distance_sensor__ulanding_radar.a
[1084/1188] Linking CXX static library src/drivers/heater/libdrivers__heater.a
[1085/1188] Linking CXX static library src/drivers/encoder_sensor/as5600/libdrivers__encoder_sensor__as5600.a
[1086/1188] Linking CXX static library src/drivers/distance_sensor/vl53l1x/libdrivers__distance_sensor__vl53l1x.a
[1087/1188] Linking CXX static library src/drivers/distance_sensor/vl53l0x/libdrivers__distance_sensor__vl53l0x.a
[1088/1188] Linking CXX static library src/drivers/gps/libdrivers__gps.a
[1089/1188] Linking CXX static library src/drivers/dshot/libdrivers__dshot.a
[1090/1188] Linking CXX static library src/drivers/imu/invensense/icm45686/libdrivers__imu__invensense__icm45686.a
[1091/1188] Linking CXX static library src/drivers/imu/bosch/bmi088/libdrivers__imu__bosch__bmi088.a
[1092/1188] Linking CXX static library src/drivers/lights/rgbled_lp5562/libdrivers__rgbled_lp5562.a
[1093/1188] Linking CXX static library src/drivers/lights/rgbled/libdrivers__rgbled.a
[1094/1188] Linking CXX static library src/drivers/lights/rgbled_ncp5623c/libdrivers__rgbled_ncp5623c.a
[1095/1188] Linking CXX static library src/drivers/magnetometer/isentek/ist8310/libdrivers__magnetometer__isentek__ist8310.a
[1096/1188] Linking CXX static library src/drivers/magnetic_sensor/tmag5273/libdrivers__magnetic_sensor__tmag5273.a
[1097/1188] Linking CXX static library src/drivers/lights/rgbled_is31fl3195/libdrivers__rgbled_is31fl3195.a
[1098/1188] Linking CXX static library src/drivers/ins/vectornav/libdrivers__ins__vectornav.a
[1099/1188] Linking CXX static library src/drivers/magnetometer/akm/ak09916/libdrivers__magnetometer__akm__ak09916.a
[1100/1188] Linking CXX static library src/drivers/magnetometer/akm/ak8963/libdrivers__magnetometer__akm__ak8963.a
[1101/1188] Linking CXX static library src/drivers/magnetometer/bosch/bmm150/libdrivers__magnetometer__bosch__bmm150.a
[1102/1188] Linking CXX static library src/drivers/magnetometer/lis3mdl/libdrivers__magnetometer__lis3mdl.a
[1103/1188] Linking CXX static library src/drivers/magnetometer/lsm303agr/libdrivers__magnetometer__lsm303agr.a
[1104/1188] Linking CXX static library src/drivers/magnetometer/qmc5883l/libdrivers__magnetometer__qmc5883l.a
[1105/1188] Linking CXX static library src/drivers/magnetometer/isentek/ist8308/libdrivers__magnetometer__isentek__ist8308.a
[1106/1188] Linking CXX static library src/drivers/magnetometer/hmc5883/libdrivers__hmc5883.a
[1107/1188] Linking CXX static library src/drivers/power_monitor/ina226/libdrivers__ina226.a
[1108/1188] Linking CXX static library src/drivers/magnetometer/memsic/mmc5983ma/libdrivers__magnetometer__memsic__mmc5983ma.a
[1109/1188] Linking CXX static library src/drivers/magnetometer/rm3100/libdrivers__rm3100.a
[1110/1188] Linking CXX static library src/drivers/magnetometer/st/iis2mdc/libdrivers__magnetometer__st__iis2mdc.a
[1111/1188] Linking CXX static library src/drivers/osd/msp_osd/libdrivers__osd__msp_osd.a
[1112/1188] Linking CXX static library src/drivers/power_monitor/pm_selector_auterion/libdrivers__power_monitor_pm_selector_auterion.a
[1113/1188] Building CXX object src/modules/uxrce_dds_client/CMakeFiles/modules__uxrce_dds_client.dir/uxrce_dds_client.cpp.obj
[1114/1188] Linking CXX static library src/drivers/power_monitor/ina228/libdrivers__ina228.a
[1115/1188] Linking CXX static library src/drivers/power_monitor/ina238/libdrivers__ina238.a
[1116/1188] Linking CXX static library src/drivers/pwm_out/libdrivers__pwm_out.a
[1117/1188] Linking CXX static library src/drivers/px4io/libdrivers__px4io.a
[1118/1188] Linking CXX static library src/drivers/rc_input/libdrivers__rc_input.a
[1119/1188] Linking CXX static library src/drivers/tone_alarm/libdrivers__tone_alarm.a
[1120/1188] Linking CXX static library src/drivers/safety_button/libdrivers__safety_button.a
[1121/1188] modules__ekf2 merging source
[1122/1188] Linking CXX static library src/drivers/uavcan/m2006_can/libdrivers__m2006_can.a
[1123/1188] Linking CXX static library src/modules/dataman/libmodules__dataman.a
[1124/1188] Linking CXX static library src/modules/battery_status/libmodules__battery_status.a
[1125/1188] Linking CXX static library src/modules/events/libmodules__events.a
[1126/1188] Linking CXX static library src/modules/control_allocator/libmodules__control_allocator.a
[1127/1188] Linking CXX static library src/modules/flight_mode_manager/tasks/ManualPosition/libFlightTaskManualPosition.a
[1128/1188] Linking CXX static library src/modules/flight_mode_manager/tasks/ManualAltitudeSmoothVel/libFlightTaskManualAltitudeSmoothVel.a
[1129/1188] Linking CXX static library src/modules/hybrid_vehicle_control/libmodules__hybrid_vehicle_control.a
[1130/1188] Linking CXX static library src/modules/gyro_calibration/libmodules__gyro_calibration.a
[1131/1188] Linking CXX static library src/modules/esc_battery/libmodules__esc_battery.a
[1132/1188] Linking CXX static library src/modules/commander/libmodules__commander.a
[1133/1188] Linking CXX static library src/modules/gimbal/libdrivers__gimbal.a
[1134/1188] modules__mavlink merging source
[1135/1188] Linking CXX static library src/modules/flight_mode_manager/tasks/AutoFollowTarget/libFlightTaskAutoFollowTarget.a
[1136/1188] Linking CXX static library src/modules/load_mon/libmodules__load_mon.a
[1137/1188] Linking CXX static library src/modules/mag_bias_estimator/libmodules__mag_bias_estimator.a
[1138/1188] Linking CXX static library src/modules/manual_control/libmodules__manual_control.a
[1139/1188] Linking CXX static library src/modules/flight_mode_manager/tasks/ManualAcceleration/libFlightTaskManualAcceleration.a
[1140/1188] Linking CXX static library src/modules/land_detector/libmodules__land_detector.a
[1141/1188] Linking CXX static library src/modules/logger/libmodules__logger.a
[1142/1188] Linking CXX static library src/modules/mc_hover_thrust_estimator/libmodules__mc_hover_thrust_estimator.a
[1143/1188] Linking CXX static library src/modules/mc_att_control/libmodules__mc_att_control.a
[1144/1188] Linking CXX static library src/modules/flight_mode_manager/tasks/Orbit/libFlightTaskOrbit.a
[1145/1188] Linking CXX static library src/modules/mc_pos_control/libmodules__mc_pos_control.a
[1146/1188] Linking CXX static library src/modules/navigator/MissionFeasibility/libmission_feasibility_checker.a
[1147/1188] Linking CXX static library src/modules/mc_autotune_attitude_control/libmc_autotune_attitude_control.a
[1148/1188] Linking CXX static library src/modules/mc_rate_control/libmodules__mc_rate_control.a
[1149/1188] Linking CXX static library src/modules/rover_differential/libmodules__rover_differential.a
[1150/1188] Linking CXX static library src/modules/rc_update/libmodules__rc_update.a
[1151/1188] Linking CXX static library src/modules/sensors/libmodules__sensors.a
[1152/1188] Linking CXX static library src/modules/flight_mode_manager/tasks/ManualAccelerationSlow/libFlightTaskManualAccelerationSlow.a
[1153/1188] Linking CXX static library src/modules/temperature_compensation/libmodules__temperature_compensation.a
[1154/1188] Linking CXX static library src/modules/rover_pos_control/libmodules__rover_pos_control.a
[1155/1188] Linking CXX static library src/modules/uxrce_dds_client/libmodules__uxrce_dds_client.a
[1156/1188] Linking CXX static library src/systemcmds/actuator_test/libsystemcmds__actuator_test.a
[1157/1188] Linking CXX static library src/systemcmds/bsondump/libsystemcmds__bsondump.a
[1158/1188] Linking CXX static library src/drivers/uavcan/libdrivers__uavcan.a
[1159/1188] Linking CXX static library src/systemcmds/gpio/libsystemcmds__gpio.a
[1160/1188] Linking CXX static library src/systemcmds/hardfault_log/libsystemcmds__hardfault_log.a
[1161/1188] Linking CXX static library src/systemcmds/dmesg/libsystemcmds__dmesg.a
[1162/1188] Linking CXX static library src/modules/flight_mode_manager/libmodules__flight_mode_manager.a
[1163/1188] Linking CXX static library src/systemcmds/i2c_launcher/libsystemcmds__i2c_launcher.a
[1164/1188] Linking CXX static library src/systemcmds/led_control/libsystemcmds__led_control.a
[1165/1188] Linking CXX static library src/systemcmds/mtd/libsystemcmds__mtd.a
[1166/1188] Linking CXX static library src/systemcmds/netman/libmodules__netman.a
[1167/1188] Linking CXX static library src/systemcmds/i2cdetect/libsystemcmds__i2cdetect.a
[1168/1188] Linking CXX static library src/systemcmds/mft/libsystemcmds__mft.a
[1169/1188] Linking CXX static library src/systemcmds/nshterm/libsystemcmds__nshterm.a
[1170/1188] Linking CXX static library src/systemcmds/perf/libsystemcmds__perf.a
[1171/1188] Linking CXX static library src/systemcmds/reboot/libsystemcmds__reboot.a
[1172/1188] Linking CXX static library src/systemcmds/param/libsystemcmds__param.a
[1173/1188] Linking CXX static library src/systemcmds/topic_listener/libsystemcmds__topic_listener.a
[1174/1188] Linking CXX static library src/systemcmds/top/libsystemcmds__top.a
[1175/1188] Linking CXX static library src/systemcmds/uorb/libsystemcmds__uorb.a
[1176/1188] Linking CXX static library src/systemcmds/system_time/libsystemcmds__system_time.a
[1177/1188] Linking CXX static library src/systemcmds/tune_control/libsystemcmds__tune_control.a
[1178/1188] Linking CXX static library src/modules/navigator/libmodules__navigator.a
[1179/1188] Linking CXX static library src/systemcmds/ver/libsystemcmds__ver.a
[1180/1188] Linking CXX static library src/systemcmds/work_queue/libsystemcmds__work_queue.a
[1181/1188] Building C object platforms/nuttx/CMakeFiles/px4.dir/__/common/empty.c.obj
[1182/1188] Building CXX object src/modules/mavlink/CMakeFiles/modules__mavlink.dir/modules__mavlink_unity.cpp.obj
[1183/1188] Linking CXX static library src/modules/mavlink/libmodules__mavlink.a
[1184/1188] Building CXX object src/modules/ekf2/CMakeFiles/modules__ekf2.dir/modules__ekf2_unity.cpp.obj
[1185/1188] Linking CXX static library src/modules/ekf2/libmodules__ekf2.a
[1186/1188] Linking CXX executable zeroone_x6_hybrid.elf
Memory region         Used Size  Region Size  %age Used
        ITCM_RAM:          0 GB        64 KB      0.00%
           FLASH:     1894144 B      1920 KB     96.34%
       DTCM1_RAM:          0 GB        64 KB      0.00%
       DTCM2_RAM:          0 GB        64 KB      0.00%
        AXI_SRAM:       99844 B       512 KB     19.04%
           SRAM1:          0 GB       128 KB      0.00%
           SRAM2:          0 GB       128 KB      0.00%
           SRAM3:          0 GB        32 KB      0.00%
           SRAM4:          2 KB        64 KB      3.12%
          BKPRAM:          0 GB         4 KB      0.00%
[1187/1188] Generating ../../zeroone_x6_hybrid.bin
[1188/1188] Creating /home/crocodile/PX4-Autopilot-testc4-rover-tuning/build/zeroone_x6_hybrid/zeroone_x6_hybrid.px4
